The Public House Café n Restaurant,+91 7869950567,"Mahadev Complex, Lower Ground Floor, Shivaji Nagar Opposite Board Office, Maharana Pratap Nagar, Bhopal",4.5,₹800,11AM to 11PM (Mon-Sun),248 votes
Sagar Gaire Fast Food,"+91 9425403723, +91 7848011111","10, Number Market, Arera Colony, Bhopal",4.6,₹300,11AM to 11PM (Mon-Sun),522 votes
Shahnama - Jehan Numa Palace,0755 2661100,"Hotel Jehan Numa Palace, 157, Shymala Hills, TT Nagar, Bhopal",4.2,"₹2,000","7AM to 10AM, 1PM to 3PM, 7:30PM to 11PM (Mon-Sun)",152 votes
Tilak's Chocolady Bakery & Restaurant,+91 9179177114,"Plot 2, Trilochand Nagar, Near Bank Of Baroda, Gulmohar Colony, Bhopal",4.4,₹800,11AM to 11PM (Mon-Sun),191 votes
Kebabsville - Sayaji Hotel,"+91 7552767777, +91 7024151505","A-3,Van Vihar Road, Prempura, TT Nagar, Bhopal",4.3,"₹1,800",7PM to 11PM (Mon-Sun),203 votes
10 Downing Street,0755 2514210,"Third Floor, DB City Mall, Maharana Pratap Nagar, Bhopal",3.8,"₹1,000",12Noon to 10:30PM (Mon-Sun),365 votes
Bake N Shake,0755 4291111,"B-1, GM Tower, Stop No. 10, Arera Colony, Bhopal",4.1,₹500,10AM to 11PM (Mon-Sun),292 votes
Chi Kitchen,0755 6644470,"12-13, Food Court, DB City Mall, Maharana Pratap Nagar, Bhopal",4,"₹1,000",11AM to 11PM (Mon-Sun),166 votes
The Urban Socialite,0755 4221787,"5th Floor, Hotel Lake View Ashoka, Shyamla Hills, TT Nagar, Bhopal",3.8,₹900,12Noon to 11:30PM (Mon-Sun),145 votes
32 Degree North East,+91 9893202121,"Kerwa Dam Road, National Law Institute University, TT Nagar, Bhopal",3.8,₹500,11AM to 11PM (Mon-Sun),70 votes
Olive & Honey Restaurant,+91 9893338963,"Shaan-e-Fiza Apartment, New Saifia College Road, Housing Board Colony, Kohefiza, Bhopal",3.8,₹600,11AM to 11PM (Mon-Sun),86 votes
The Urban Grill,+91 8966000686,"Shop 5, Shayog Tower, Trilanga Tiraha, Gulmohar Colony, Bhopal",4.1,₹500,7PM to 11PM (Mon-Sun),128 votes
Sagar Gaire,"+91 9425403708, +91 9303111922","Shop 33-34,Ground Floor, Platinum Plaza, TT Nagar, Bhopal",4.1,₹350,11AM to 11PM (Mon-Sun),142 votes
La Kuchina - Jehan Numa Palace,0755 2661100,"157, Hotel Jehan Numa Palace, Shymala Hills, TT Nagar, Bhopal",4.3,"₹2,200","12Noon to 3PM, 7:30PM to 11PM (Mon-Sun)",150 votes
Rice Bowl Thai & Chinese,0755 4273888,"4B,Mezanine Floor, A Block, Mansarovar Complex, Habib Ganj, Bhopal",3.9,₹600,12Noon to 11PM (Mon-Sun),231 votes
Chai & More,0755 4240888,"Platinum Plaza, New Market, near to Milan sweet shop, TT Nagar, Bhopal",3.9,₹250,11:30AM to 10:30PM (Mon-Sun),67 votes
Bay Leaf - Courtyard Marriott,0755 3096236,"Courtyard By Marriot, 4th Floor, DB City Mall, Maharana Pratap Nagar, Bhopal",3.8,"₹1,500",7PM to 11:30PM (Mon-Sun),123 votes
Indian Coffee House,0755 2554594,"Near Apex Bank, TT Nagar, Bhopal",3.9,₹500,7AM to 11PM (Mon-Sun),222 votes
Cafe Mojo Jojo,+91 9713451904,"Type-9, Residential Quarters, E7, Arera Colony, Bhopal",4,₹400,12:30PM to 10:30PM (Mon-Sun),128 votes
Sankalp,0755 4275555,"85, Zone II, Maharana Pratap Nagar, Bhopal",3.9,₹600,11AM to 11PM (Mon-Sun),180 votes
Wind And Waves,0755 2661523,"Lake Driver Road, Van Vihar Road, Shymla Hills, TT Nagar, Bhopal",2.4,"₹1,000",11AM to 11PM (Mon-Sun),212 votes
Sanchi - Sayaji Hotel,"0755 2767777, +91 7024151505","A-3,Van Vihar Road, Prempura, TT Nagar, Bhopal",4.1,"₹1,500","12Noon to 3:15PM, 7PM to 11:15PM (Mon-Sun)",74 votes
Cowboy Restaurant & Lounge,"+91 9301746230, +91 7554270500","E-5, Bittan Market, Opposite Habibganj Police Station, Arera Colony, Bhopal",3.5,₹800,12Noon to 11PM (Mon-Sun),240 votes
Da pizzeria,"0755 4255333, 0755 4003330","177, Zone 2, Maharana Pratap Nagar, Bhopal",3.7,₹500,11AM to 11PM (Mon-Sun),182 votes
Lazeez Hakeem,+91 7745977459,"187 A, Zone 1, Maharana Pratap Nagar, Bhopal",3.6,₹400,11AM to 11PM (Mon-Sun),151 votes
The Eclair Lounge- Courtyard By Marriott Bhopal,"0755 3096241, 0755 3096444","Courtyard By Marriot, 4th Floor, DB City Mall, Maharana Pratap Nagar, Bhopal",4,"₹2,000",11AM to 11PM (Mon-Sun),138 votes
Maybe There,0755 4224330,"4th floor,10th Cross Road Building, Above Vishal Fitness Centre, 10 Main Road, Arera Colony, Bhopal",3.6,₹600,12:30PM to 12:30AM (Mon-Sun),140 votes
Tattenham Corner - Jehan Numa Palace,0755 2661100,"Hotel Jehan Numa Palace,157,Shymala Hills, TT Nagar, Bhopal",4,"₹2,200",11AM to 11PM (Mon-Sun),94 votes
Zam Zam Fast Food,0755 4282221,"Laxmi Narayan Market,Opposite Corporation Bank, Hamidia Road, Peer Gate Area, Bhopal",4,₹500,11AM to 11PM (Mon-Sun),154 votes
Momo Cafe - Courtyard Marriot,0755 3096444,"Courtyard By Marriot, 4th Floor, DB City Mall, Maharana Pratap Nagar, Bhopal",3.6,"₹1,000",6AM to 11PM (Mon-Sun),98 votes
Pizza Hut,+91 7556644187,"Third Floor, DB City Mall, Arera Hills, Maharana Pratap Nagar, Bhopal",3.9,₹650,11:30AM to 11PM (Mon-Sun),121 votes
KFC,+91 7556644391,"Third Floor, DB City Mall, Maharana Pratap Nagar, Bhopal",3.8,₹550,11AM to 11PM (Mon-Sun),114 votes
Manohar Dairy And Restaurant,0755 4012000,"6, Hamidia Road, Opposite Alpana Cineplex, Bhopal",4.2,₹400,9AM to 11PM (Mon-Sun),282 votes
Saffron,0755 4275555,"1st Floor, 85, Zone 2, Near Jyoti Talkies, Maharana Pratap Nagar, Bhopal",3.7,₹750,"12Noon to 3PM, 7PM to 11PM (Mon-Sun)",152 votes
Under The Mango Tree - Jehan Numa Palace,0755 2661100,"Hotel Jehan Numa Palace, 157, Shymala Hills, TT Nagar, Bhopal",4.1,"₹2,000",7:30PM to 11PM (Mon-Sun),161 votes
Over The Moon Bistro,+91 7400556969,"G-1/109 Ajay Complex Near Punjab Bank, Fortune Pride, Trilanga, Bhopal",NEW,"₹1,500",11AM to 11PM (Mon-Sun),NEW
Khan Sahab,"+91 9584222666, +91 9229332535","Model Ground, Hamidia Road, Peer Gate Area, Bhopal",4,₹600,11AM to 11PM (Mon-Sun),87 votes
Bapu Ki Kutia,"0755 4273779, 0755 6444404","Behind Jyoti Cineplex, Zone 1, Maharana Pratap Nagar, Bhopal",3.4,₹550,8:30AM to 11PM (Mon-Sun),228 votes
Kafe Kulture,+91 9893769492,"A-66A, Jai Bhawani Housing Society, Bawadiyan Kalan, Gulmohar Colony, Bhopal",3.8,₹600,1PM to 11PM (Mon-Sun),138 votes
Amita's Delhi Darbar,"0755 4283002, 0755 4283006","IV Floor, GM Tower, Market 10, Arera Colony, Bhopal",3.6,₹800,11AM to 11PM (Mon-Sun),85 votes
Amer Bakery Hut (ABH),"+91 9630097158, +91 9109917330","New Market, Link Road, Bhopal, TT Nagar, Bhopal",3.7,₹300,11AM to 11PM (Mon-Sun),91 votes
Filfora,"+91 9752781786, 0755 4256926","18, BDA Colony,Opposite Koefiza Hospital, Kohefiza, Bhopal",3.4,₹800,11AM to 11PM (Mon-Sun),138 votes
Greek Food & Beyond,+91 7556644108,"Third Floor, DB City Mall, Maharana Pratap Nagar, Bhopal",3.7,"₹1,000",12Noon to 10:30PM (Mon-Sun),173 votes
Bhopal Express,0755 2660802,"Opposite Doordarshan Premises, Lake View, Shamla Hills, TT Nagar, Bhopal",4,₹800,11AM to 11PM (Mon-Sun),126 votes
Arya Bhawan Restaurant,+91 7554271623,"231, Chinar House, Behind Sargam Cinema, Maharana Pratap Nagar, Bhopal",3.8,₹400,9AM to 11PM (Mon-Sun),101 votes
The Kasbah,"0755 4224757, +91 7771008810","110/7, Mandakini, Opposite Union Bank, Kolar Main Road, Arera Colony, Bhopal",3.6,₹700,11AM to 11PM (Mon-Sun),174 votes
CafeChino - Jehan Numa Palace,"0755 2661100, +91 9993091077","Hotel Jehan Numa Palace, 157, Shamla Hills, TT Nagar, Bhopal",3.9,₹800,10:30AM to 11PM (Mon-Sun),106 votes
Domino's Pizza,0755 4082250,"Ground Floor, A-29, Sector, Near ICICI Bank, JK Road, Indrapuri, BHEL, Bhopal",3.6,₹700,11AM to 11PM (Mon-Sun),78 votes
McDonald's,0755 6644123,"Ground Floor, DB City Mall, Maharana Pratap Nagar, Bhopal",3.4,₹400,11AM to 11PM (Mon-Sun),106 votes
Taste Of India,0755 4272290,"Opposite Rajhans, Zone 2, Maharana Pratap Nagar, Bhopal",3.5,₹500,8AM to 11PM (Mon-Sun),118 votes
Hotel Rajhans Regent,"+91 9300871525, +91 9893648888","14-15, ISBT Commercial Area, Habib Ganj, Bhopal",3.7,₹800,11AM to 11PM (Mon-Sun),81 votes
Marbal Arch - Noor Us Sabah Palace,0755 4223333,"Hotel Noor Us Sabah Palace, VIP Road, Kohefiza, Bhopal",3.9,"₹1,500","7AM to 11AM, 12Noon to 3PM, 7PM to 11PM (Mon-Sun)",44 votes
Rubaab,+91 8435888844,"S86, IBD Centre Point, Indus Garden, Near Mahindra Fuel Point, Bawadiya Kalan, Bhopal",3.6,₹800,11AM to 11PM (Mon-Sun),100 votes
Golden Oak Restaurant,"+91 9425607291, +91 9425006211","Opposite Shree Ram Colony, Hoshangabad Road, Highway 12, Gulmohar Colony, Bhopal",3.5,₹800,11AM to 11PM (Mon-Sun),84 votes
Hawaii Adda,0755 4924949,"R-9 G.T.B. Complex, New Market, T.T. Nagar, Bhopal, TT Nagar, Bhopal",2.6,₹500,1PM to 11PM (Mon-Sun),55 votes
New Inn Restaurant,0755 4223777,"28,Bhadbhada Road,New Market, TT Nagar, Bhopal",3.2,₹500,8AM to 11PM (Mon-Sun),60 votes
Hideout,+91 9753944730,"10 Number Market, E-3/52, Arera Colony, Bhopal",3.1,₹700,12Noon to 11:30PM (Mon-Sun),35 votes
Hong Kong,0755 4271900,"131/4, Zone 2, Near Pragati Petrol Pump, Maharana Pratap Nagar, Bhopal",3.5,₹550,11AM to 11PM (Mon-Sun),82 votes
Violet Hour,"+91 9584717899, +91 7554002099","Shop No. 7, Meenakshi Residency, Idgah Hills, Bhopal, Madhya Pradesh",3.7,₹500,"10:30AM to 10PM (Mon-Sat),5PM to 10PM (Sun)",43 votes
Urban Chulha,0755 2558881,"Mezzanine Floor, R 55, Zone 1, Maharana Pratap Nagar, Bhopal",3.6,₹700,11:30AM to 11PM (Mon-Sun),56 votes
Sukoon Cafe,"0755 4001212, +91 9630066636","Plot 146, Basement, Premium Centre, Ram Gopal Maheshwari Marg, Zone -1, Maharana Pratap Nagar, Bhopal",3.5,₹500,"11AM to 11PM (Mon-Fri),11AM to 11:30PM (Sat-Sun)",42 votes
Cafe Coffee Day,"0755 3209449, +91 8305206284","Inside Boat Club, Behind Chief Minister's Bunglow, Van Vihar Road, TT Nagar, Bhopal",3.9,₹600,11AM to 11PM (Mon-Sun),61 votes
Al-Beik Fast Food,0755 4010604,"9, Ram Gopal Maheshwari Marg, Zone 1, Maharana Pratap Nagar, Bhopal",3.3,₹300,10:30AM to 10PM (Mon-Sun),85 votes
Rolls Mania,"0755 4017373, +91 8109941405","Shop 115F, Plot 202, Ganga Jamuna Complex, Behind Jyoti Cineplex, Zone-1, Maharana Pratap Nagar, Bhopal",3.8,₹450,11AM to 11PM (Mon-Sun),92 votes
SKY 55,+91 9111144999,"Hotel Atishay, R-55, Zone-1, Maharana Pratap Nagar, Bhopal",3.6,₹600,7:15PM to 11PM (Mon-Sun),49 votes
Bombay Street Cafe,+91 8889851888,"Opposite Aura Mall, Gulmohar Colony, Bhopal",3.4,₹200,10AM to 11PM (Mon-Sun),57 votes
Nerbada Sweets & Restaurant,"0755 2540507, 0755 4044399","1,2,3 Royal Market, Sultania Road, Peer Gate Area, Bhopal",3.6,₹350,9:30AM to 11PM (Mon-Sun),74 votes
Papa Mexicano,+91 7554908882,"R-24, Zone II, Near Quantum Classes, Opposite Railway Line, Maharana Pratap Nagar, Bhopal",3.3,₹300,"12:30PM to 11PM (Mon-Sat),3PM to 8PM (Sun)",73 votes
Ambrosia Cafe & Restaurant,+91 8085998989,"New Market Main Road, Malviya Nagar, New Market, TT Nagar, Bhopal",3.5,₹750,11AM to 11PM (Mon-Sun),46 votes
Shahi Haveli,"0755 4045151, +91 9893671966","Opposite DB City Mall, 238, First Floor, Shashwat Tower, Zone 1, Maharana Pratap Nagar, Bhopal",3.3,₹800,11AM to 12Midnight (Mon-Sun),72 votes
Zaaiqa - Noor Us Sabah Palace,0755 4223333,"Hotel Welcome Heritage, Noor Us Sabah Palace, VIP Road, Kohefiza, Bhopal",3.7,"₹1,500","12Noon to 3PM, 7PM to 11PM (Mon-Sun)",48 votes
Hakeem's,"0755 4233342, +91 8889942333","Plot-129, Zone-II, Bhind Pragati Petrol Pump, Maharana Pratap Nagar, Bhopal",3.5,₹400,11AM to 11PM (Mon-Sun),64 votes
Hotel Amer Greens,"+91 9301190394, 0755 4012770","Near Gyan Ganga Academy, Hoshangabad Road, Misrod, Bhopal",3.5,₹300,12Noon to 11PM (Mon-Sun),79 votes
Cafe Nine Bhopal,"+91 9893964116, 0755 4002575","Shop U 20, Radhe Krishna Complex, Zone 2, Maharana Pratap Nagar, Bhopal",3.7,₹150,"11AM to 10PM (Mon-Sat),Closed (Sun)",35 votes
The Dynasty - Noor Us Sabah,0755 4223333,"Hotel Noor Us Sabah, VIP Road, Kohefiza, Bhopal",3.7,"₹1,500","7PM to 11PM (Mon-Sat),12:30PM to 3PM (Sun)",53 votes
Sharma And Vishnu Fast Food,"0755 4002406, +91 9981253905","16-B, Indrapuri, BHEL, Bhopal",2.5,₹300,11:30AM to 10:30PM (Mon-Sun),29 votes
Subway,"+91 7556062222, +91 7869920002","Third Floor, DB City Mall, Maharana Pratap Nagar, Bhopal",3.5,₹500,11AM to 11PM (Mon-Sun),66 votes
Dosa Fusion,"+91 9039217667, 0755 4200645","B-1 Tilak Nagar, Akrati EcoCity Road, Gulmohar Colony, Bhopal",3.5,₹300,10AM to 10PM (Mon-Sun),41 votes
Picnik Restaurant,"0755 4228228, +91 9893023565","Shop 1, 2, 3, 4, 5, MPSRTC Jawahar Chowk, City Depot Shopping Complex, Bhadbhada Road, TT Nagar, Bhopal",3.3,₹400,11AM to 11PM (Mon-Sun),50 votes
Temptation,"0755 4023200, +91 9977461090","Hotel Sarthak, 1,Link Road, Malviya Nagar, TT Nagar, Bhopal",3.7,₹700,11AM to 11PM (Mon-Sun),87 votes
Vishnu Chinese Fast Food,+91 9926572721,"108, BDA Complex, Stop Number 7, Maharana Pratap Nagar, Bhopal",3.4,₹350,11AM to 11PM (Mon-Sun),39 votes
Mowgli's Cafe,0755 4055900,"Zone-II, Maharana Pratap Nagar, Bhopal",3.4,₹500,11AM to 11PM (Mon-Sun),37 votes
Jharokha - Hotel Amer Palace,"+91 7554272110, +91 9300311770","209, Zone 1, Maharana Pratap Nagar, Bhopal",3.7,"₹1,500",7AM to 11PM (Mon-Sun),72 votes
Chai Sutta Bar,+91 8770036324,"14, Main Road 1, Chetak Complex, BDA Shopping, Near GK Palace, Zone-II, Maharana Pratap Nagar, Bhopal",3.2,₹200,7AM to 11PM (Mon-Sun),20 votes
8Plates,+91 7441144244,"Shop number-2, Ground Floor, East-5, Metro Plaza, Bittan Market, Arera Colony, Bhopal",NEW,₹600,11AM to 10:30PM (Mon-Sun),NEW
Under The Jamun Tree,"0755 6606600, +91 7415158292","Jehan Numa Retreat, Dr. Sallem Ali Road, Near Van Vihar, Maharana Pratap Nagar, Bhopal",3.9,"₹1,500",7PM to 11PM (Mon-Sun),41 votes
The Twenties Restaurant,+91 9329371028,"156, Link Road 1, Zone-I, Maharana Pratap Nagar, Bhopal",3.1,"₹1,500",11AM to 11:30PM (Mon-Sun),29 votes
Swastik Restaurant,+91 9893312891,"Opposite Jublee Gate B, Indrapuri, BHEL, Bhopal",3.2,₹300,11AM to 11PM (Mon-Sun),35 votes
Time Out Restaurant,0755 4033400,"Hotel Rajhans Near Sargam Talkines, Maharana Pratap Nagar, Bhopal",3.7,₹600,11AM to 10:30PM (Mon-Sun),81 votes
Sharma Chinese,0755 4234040,"Ground Floor, Platinum Plaza, TT Nagar, Bhopal",3.5,₹350,11AM to 11PM (Mon-Sun),39 votes
Brown Sugar Cafe,+91 7415663954,"A 53, Mahakal Society, Opposite Aura Mall, Trilanga, Gulmohar Colony, Bhopal",2.1,₹400,10AM to 11PM (Mon-Sun),34 votes
YOLO Spice & Lounge,+91 9993388867,"C-11, Vidyanagar, Hoshangabad Road, Habib Ganj, Bhopal",2.3,₹700,11:30AM to 11PM (Mon-Sun),40 votes
Monty's,+91 9174088900,"Shop 78, Zone 2, Maharana Pratap Nagar, Bhopal",3.5,₹500,10:30AM to 11PM (Mon-Sun),21 votes
Vrindavan Dhaba,0755 6543335,"Opposite Asha Mall, Ganesh Nagar, Gulmohar Colony, Bhopal",2.3,₹450,11AM to 11PM (Mon-Sun),33 votes
E Square,"+91 9754534000, 0755 4034000","E8/2 12 No Bus Stop, Arera Colony, Bhopal",3.8,₹800,11AM to 11PM (Mon-Sun),33 votes
Tabbakh,0755 4290333,"12, Royal Market, Near GPO, Kohefiza, Bhopal",3.5,₹700,11AM to 11PM (Mon-Sun),41 votes
Bhoj Inn,"0755 4013355, 0755 4017190","STC Plam Square, Lal Ghati, Kohefiza, Bhopal",3.4,₹650,11:30AM to 11PM (Mon-Sun),36 votes
Dilli di Hatti,+91 7247337331,"Pari Bazar Road, Idgah Hills, Kohefiza, Bhopal",3.1,₹500,11:30AM to 11:30PM (Mon-Sun),18 votes
Behrouz Biryani,+91 7700050050,"Plot S-A / 4, S-A5 , Above Canara Bank, Aura Mall, Mahakali Society, Gulmohar Nera, Gulmohar Colony, Bhopal",3.6,₹700,11AM to 11PM (Mon-Sun),26 votes
Eldritch Blues,+91 9111010845,"Eldritch Blues ,230 Kerwa Dam Road, Near NLIU, TT Nagar, Bhopal",3.2,₹800,9AM to 11PM (Mon-Sun),47 votes
Cafe Chokolade,"0755 4225709, +91 8989587611","Shop 8, Block C, Surendra Landmark Complex, Hosangabad Road, Habib Ganj, Bhopal",3.5,₹250,11AM to 11PM (Mon-Sun),28 votes
Veera Di Hatti,+91 9993948821,"Shop 2, Metro Plaza, Bittan Market, Arera Colony, Bhopal",3.5,₹400,11AM to 11PM (Mon-Sun),25 votes
Ali Baba Caves,+91 7471117342,"Opp. Aura Mall, Mahakali Society, Trilanga Main Road, Gulmohar, Bhopal",3.5,"₹1,800",12Noon to 12Midnight (Mon-Sun),26 votes
Waterville Pooldeck & Lounge,+91 9644142777,"Upper Lake Area, TT Nagar, Bhopal",3.6,₹750,1PM to 12Midnight (Mon-Sun),16 votes
Nite Cuisine,+91 9111511112,"MIG Colony, Old Subhash Nagar, Maharana Pratap Nagar, Bhopal",2.6,₹350,12Noon to 4AM (Mon-Sun),17 votes
Delhi 6,+91 9826528418,"Third Floor, DB City Mall, Maharana Pratap Nagar, Bhopal",2.7,₹500,11AM to 11PM (Mon-Sun),22 votes
Orient Lake Treat,0755 4011313,"45, Opposite SBI Bank, Phase 1, Amaltas Building, Kolar Road, Arera Colony, Bhopal",3.3,₹900,11AM to 11PM (Mon-Sun),36 votes
South Indiz,+91 9827014323,"Plot No. 92, Zone-2, M.P. Nagar, Bhopal",3.4,₹200,8AM to 10PM (Mon-Sun),17 votes
Agarwal's Rajbhog,"+91 7554000313, +91 7879787972","R-43,Maharana Pratap Nagar Zone-2,Near Railway Track.",3.3,₹550,11AM to 11PM (Mon-Sun),34 votes
11 Ten Cafe N Restro Lounge,+91 8109111100,"Plot 65, Rohit Nagar Phase 1, Aakriti Ecocity, Salaiya, Gulmohar Colony, Bhopal",3.1,₹700,10AM to 11PM (Mon-Sun),10 votes
Chai 34,+91 9303460319,"34, Shivaji Nagar, Zone 2, Maharana Pratap Nagar, Bhopal",3.7,₹200,11:30AM to 9:15PM (Mon-Sun),48 votes
Laziz,0755 2660600,"Hotel Ranjit, Van Vihar, Near Boat Club, Lake View Road, Shyamla Hills, TT Nagar, Bhopal",3.2,₹600,11AM to 11PM (Mon-Sun),28 votes
Bum Chik Restaurant,0755 2580502,"Opposite Bhel Gate 1, Indrapuri, BHEL, Bhopal",2.4,₹550,11AM to 11PM (Mon-Sun),28 votes
Liquid,+91 8349990636,"269-270, Zone II, Near Sargam Theater, Maharana Pratap Nagar, Bhopal",3.1,"₹1,500",12Noon to 12Midnight (Mon-Sun),38 votes
Konetto Pizza,+91 8269012221,"147, E-4, Arera Colony, Bhopal",NEW,₹400,11AM to 11PM (Mon-Sun),NEW
Jairam's,+91 7554931493,"E-7/48, Railway Housing Society, Arera Colony, Bhopal",2.8,₹400,11AM to 10PM (Mon-Sun),16 votes
Hot Spot,+91 9753944332,"Shop No 1, Opposite HP Petrol Pump, Polytech Colony, Shymala Hills, TT Nagar, Bhopal",3.2,₹550,5PM to 1AM (Mon-Sun),30 votes
Mad Over Shakes,+91 9111113212,"105 E2, E-2, Arera Colony, Bhopal",3.3,₹500,12Noon to 11:30PM (Mon-Sun),24 votes
Spice Ring Restaurant,0755 2528071,"E-5, Garden Estate Plaza, Gandhinagar, Airport Road, Airport Area, Bhopal",3.1,₹800,12:30PM to 11PM (Mon-Sun),36 votes
The Mark Hotel and Club,"0755 4013810, 0755 2499940","NH 12, Hoshangabad Road, Gulmohar Colony, Bhopal",3.4,"₹1,000","12Noon to 4PM, 5PM to 11PM (Mon-Sun)",31 votes
Yo! Chinese,"0755 4209999, +91 8962148003","Plot 9, Zone 1, Maharana Pratap Nagar, Bhopal",2.8,₹500,"12Noon to 10:30PM (Mon-Sat),2PM to 10:30PM (Sun)",29 votes
Cafe Hidden Paradise,+91 8109050094,"Maltash Regency, Gulmohar Colony, Bhopal",3.2,₹400,7AM to 11PM (Mon-Sun),11 votes
Meraki,0755 4078000,"Left from Trilanga Signal, Opposite Shweta Mandir, Gulmohar Colony, Bhopal",3.2,₹600,11AM to 11:30PM (Mon-Sun),26 votes
Kwality Restaurant,"+91 9907510606, 0755 4224744","New Market, TT Nagar, Bhopal",2.6,₹500,9:30AM to 11PM (Mon-Sun),33 votes
Food Craft Restaurant,0755 3253216,"C-8, Near Bank of Maharasthtra, Mandakani Society, Kolar Road, Arera Colony, Bhopal",2.4,₹500,9AM to 11PM (Mon-Sun),23 votes
Sagar Restaurant,0755 2554537,"73 Zone 1, Maharana Pratap Nagar, Bhopal",3.4,₹400,10:30AM to 11PM (Mon-Sun),27 votes
Lazeez E Ranjeet,0755 2740500,"3, Hotel Ranjeet, Opposite Alpan Cinema, Hamidia Road, Peer Gate Area, Bhopal",3.4,₹800,10AM to 12Midnight (Mon-Sun),18 votes
Cakewalk,0755 4222214,"Shop A3, Plot 44, Near HDFC Bank, Chunna Bhatti, Kolar Road, Arera Colony, Bhopal",3.6,₹200,"11AM to 10PM (Mon, Wed, Thu, Fri, Sat, Sun), 4PM to...",20 votes
Padharo Sa,0755 4001618,"B 10, Siddhartha Campus, Gulmohar Colony, Bhopal",2.8,₹200,8AM to 11PM (Mon-Sun),21 votes
F For Fries,+91 9039261527,"129/A, Fmpcci Building, Malviya Nagar, Opposite Gammon Mall, TT Nagar, Bhopal",3.4,₹250,11AM to 11PM (Mon-Sun),11 votes
Andhra Mirchi,+91 8349037989,"Trilanga Main Road, Near Aura Mall, Shahpura, Bhopal, Madhya Pradesh",2.8,"₹1,200",9AM to 11PM (Mon-Sun),18 votes
Murga On Wheels,+91 9229589373,"Bus Stop Number 6, Shivaji Nagar, Maharana Pratap Nagar, Bhopal",2.7,₹300,"7AM to 11PM (Mon, Wed, Thu, Fri, Sat, Sun), Closed...",33 votes
Naveen's Bapu Ki Kutia,"+91 9111115730, +91 7554908080","Shop No 13-17, 1st Floor, Amaltas Green Heights, Near Aura Mall, Gulmohar Colony, Bhopal",2.9,₹550,12Noon to 10:30PM (Mon-Sun),12 votes
Wonder Bread,0755 4297897,"Relaible House, Bada Colony, Kohefiza, Bhopal",3.1,₹300,9AM to 11PM (Mon-Sun),7 votes
Xtreme Sports Bar,+91 7049856161,"3rd Floor, Ashima Mall, Gulmohar Colony, Bhopal",3.3,"₹1,500",11:30AM to 11PM (Mon-Sun),17 votes
Kailash Parbat,+91 7552444999,"C Wing, Ground Floor, Shrishti CBD, Gammon Square, New Market, Bhopal, TT Nagar, Bhopal",3.2,₹500,11AM to 11PM (Mon-Sun),20 votes
Best Bites,+91 9111470733,"Shop No 2A, Abhinav Arcade, Bawadiya Colony, Arera Colony, Bhopal",3.2,₹450,11AM to 11PM (Mon-Sun),20 votes
Indian Coffee House,0755 2683041,"13- B, Indrapuri, BHEL, Bhopal",2.6,₹500,10AM to 10PM (Mon-Sun),12 votes
TRIO Beer Pub & Restaurant,+91 7049856161,"Ashima Mall, 3rd Floor, Misrod Road, Hoshangabad Road, Gulmohar Colony, Bhopal",3.4,"₹1,200",11:30AM to 12Midnight (Mon-Sun),13 votes
Jameel Restaurant,+91 9229663727,"Shop 1, Street 1, Near Moti Masjid, Ibrahimpura, Peer Gate Area, Bhopal",3.3,₹350,9AM to 12Midnight (Mon-Sun),23 votes
Moti Mahal Delux,0755 4053302,"Second Floor, Aashima Mall, Gulmohar Colony, Bhopal",2.6,₹800,11AM to 11PM (Mon-Sun),25 votes
Qrawcity Lounge and Restaurant,0755 4904499,"130, Birla Mandir Road, Near Malviya Complex, TT Nagar, Bhopal",2.6,₹600,"11AM to 11PM (Mon, Tue, Wed, Thu, Sun), 11AM to...",20 votes
Tapti Restaurant,"0755 2553551, 0755 4221836","44, GTB Complex, TT Nagar, Bhopal",2.5,₹300,11AM to 11PM (Mon-Sun),32 votes
Arpit's Rivaayat,+91 7000193253,"36/1, Narayan Nagar, Bhopal, Madhya Pradesh, Bhopal, Bhopal",NEW,₹400,"1PM to 11PM (Mon, Wed, Thu, Fri, Sat, Sun), Closed...",NEW
Zauq,+91 9713955142,"Food Point 4, Near Boat Club, TT Nagar, Bhopal",2.5,₹600,"6AM to 10AM, 1:30PM to 11PM (Mon-Sun)",20 votes
Dana Pani Restaurant,+91 9826053400,"Stop No.12, Near Hi Tech City, Arera Colony, Bhopal",2.7,₹700,11AM to 11PM (Mon-Sun),25 votes
The Sandwich Cafe,+91 8319756286,"21, Zone-1, Maharana Pratap Nagar, Bhopal",2.9,₹500,11:30AM to 10:30PM (Mon-Sun),8 votes
Waterville,+91 9644142777,"Behind Akash Picnic Hut, Sehore Road, Kohefiza, Bhopal",2.9,₹800,1PM to 12Midnight (Mon-Sun),8 votes
Coriander Leaf,+91 7556606600,"Jehan Numa Retreat, Dr. Sallem Ali Road, Near Van Vihar Bhopal",3.3,"₹1,500","12Noon to 3PM, 7PM to 11PM (Mon-Sun)",12 votes
Malgudi Restaurant,+91 9425028693,"Opposite LNCT College, Malgudi Fort, Raisen Road, BHEL, Bhopal",2.6,₹500,11AM to 12Midnight (Mon-Sun),23 votes
Shanghai Post,Not available for this place,"Third Floor, DB City Mall, Maharana Pratap Nagar, Bhopal",2.3,₹500,11AM to 11PM (Mon-Sun),22 votes
Uncle's Kitchen,+91 9981863299,"45 Bunglows, Bhadbhada Road, North TT Nagar, TT Nagar, Bhopal",3.2,₹400,11AM to 10PM (Mon-Sun),9 votes
Sweet Posse,+91 9589320622,"Peoples Campus, Bhanpur, JP Nagar, Bhopal",3.2,₹400,11AM to 10:30PM (Mon-Sun),10 votes
7 Course,+91 9826677733,"Shop No. G-10, KK Platinum, Trilanga, Gulmohar Colony, Bhopal",2.6,₹400,10:30AM to 10:30PM (Mon-Sun),14 votes
Faasos,+91 9300344675,"DB Mall, Maharana Pratap Nagar, Bhopal",2.4,₹500,9AM to 12Midnight (Mon-Sun),16 votes
Zahaz Restro Lounge,+91 9109767726,"New Kerwa Junction, Barkhedi Kalan, Bhadbhada Road, Bhopal",3,₹800,11AM to 11PM (Mon-Sun),5 votes
The Black Pepper Restaurnat,"0755 4222150, +91 7869178242","B 185, Indra Vihar Colony, Opposite Gulmohar Garden, Airport Area, Bhopal",3,₹550,11AM to 11PM (Mon-Sun),12 votes
Bajrang Restaurant,0755 2755185,"Near Hanuman Mandir, Jublee Gate, Raisen Road, BHEL, Bhopal",2.5,₹300,10AM to 9PM (Mon-Sun),19 votes
AJ's Cafe,+91 8305551114,"Shop 4, 131/10, Golden Tower, Zone 2, Maharana Pratap Nagar, Bhopal",3,₹500,11AM to 11PM (Mon-Sun),11 votes
Fourved Café,+91 9993043001,"S11, Second Floor, Aura Mall Trilanga Road, Gulmohar Colony, Bhopal",2.9,₹400,12Noon to 11PM (Mon-Sun),8 votes
Dosa Junction,+91 7554007154,"Shop 1, Chittod Complex, Opposite Miracle Hospital, Zone - 1, Maharana Pratap Nagar, Bhopal",3,₹400,1:30PM to 10:30PM (Mon-Sun),9 votes
Cloud 9,+91 9977513555,"5th Floor, City Walk Mall, Near Lalghati, Kohefiza, Bhopal",3.2,₹500,7AM to 11PM (Mon-Sun),4 votes
Bawarchi Restaurant,+91 9893293793,"Hoshangabad Road, Before Aashima Mall, Gulmohar Colony, Bhopal",3.3,₹800,11:30AM to 12Midnight (Mon-Sun),23 votes
Hotel Shankar,+91 9893521519,"117, BDA Complex, Stop Number 7, Arera Colony, Bhopal",2.7,₹300,11AM to 11PM (Mon-Sun),16 votes
The Highway Kitchen,+91 9893781949,"49, Hoshangabad Road, Danish Nagar, Chinar Fortune City, Bhopal",2.8,₹400,12Noon to 11PM (Mon-Sun),12 votes
Shobhit's Food Storm,+91 9993950888,"22, Guliya Dai Street, Lalwani Press, Itwara Road, Peer Gate Area, Bhopal",3.1,₹250,12Noon to 12Midnight (Mon-Sun),10 votes
Angithi Restaurant,0755 4237672,"Kamla Park Road, Yamuna Square, Proffesor Colony, Near Kilol Park Petrol Pump, Shymala Hills, TT Nagar, Bhopal",2.9,₹500,6PM to 11:30PM (Mon-Sun),19 votes
Zauq - The Mughal Taste,+91 8435100942,"Food point no.4, adjacent to Main Boat Club, Vanvihar Road, near Maharana Pratap Nagar, Bhopal",3,₹700,1:30PM to 11PM (Mon-Sun),9 votes
Hotel Rajhans,"0755 4244263, +91 9752275522","Mandir Kamali Road, Ghora Nikkas, Peer Gate Area, Bhopal",3.3,₹400,11AM to 11PM (Mon-Sun),14 votes
Milan Restaurant,0755 4044453,"Shop 6-7, Platinum Plaza, TT Nagar, Bhopal",3.1,₹300,10:30AM to 10:30PM (Mon-Sun),7 votes
Air Kitchen Restaurant,+91 9752686939,"People's Mall, Bhanpura Road, Bhopal",3.2,₹600,10:30AM to 10PM (Mon-Sun),6 votes
Dhaba Cafe,+91 7722906906,"81, Near Akash Institute, Zone 2, Maharana Pratap Nagar, Bhopal",3.1,₹300,11AM to 10PM (Mon-Sun),7 votes
Top N Town,+91 7389005193,"9, Zone 1, Maharana Pratap Nagar, Bhopal",3.3,₹200,11:30AM to 11PM (Mon-Sun),15 votes
Moksh,+91 9098015075,"Alark Mall, LG-9, Airport Road, Lalghat Square, Kollu Kheri, Lalghati, Bhopal",2.7,"₹1,100",11AM to 11PM (Mon-Sun),7 votes
Aroma Cafe & Restaurant,"0755 4058899, 0755 4565600","Hotel Western, A101-102,Orchard Point, Palace Orchard, Kolar Main Road, Near Arera Colony, Bhopal",3.2,₹800,"7AM to 10AM, 12:30PM to 3PM, 7PM to 11PM (Mon-Sun)",10 votes
Balwir Da Dhaba,"+91 9669842380, +91 9630020219","106, Ashok Garden, Jhangirabad, Bhopal",3.1,₹350,11AM to 11PM (Mon-Sun),7 votes
Ocean Cafe,+91 9109062509,"V8, South City Enclave, Bawadiya Kalan Road, Rohit Nagar, Gulmohar Colony, Bhopal",NEW,₹500,"11AM to 11PM (Mon-Fri),9AM to 11PM (Sat-Sun)",NEW
The Cheeze,Not available for this place,"Opposite Gammon Mall, TT Nagar, Bhopal",NEW,₹400,12Noon to 12:30AM (Mon-Sun),NEW
10th Street Club & Lounge,+91 7554928938,"E-4, GM Towers, Arera Colony, Bhopal",3,₹900,"10AM to 11:30PM (Mon, Tue, Wed, Thu, Fri, Sun), 10AM...",4 votes
The Angry Chef,+91 9174056977,"Arera Colony, Bhopal",-,₹300,11AM to 11PM (Mon-Sun),NEW
Goldmine Bar,+91 7552467188,"East-3, Unnamed Road, Arera Colony, Bhopal",NEW,₹700,11AM to 11:30PM (Mon-Sun),NEW
Mughlai,"+91 9826010626, +91 7869900951","10,Masjid Kirol Park, Off Kamla Park Road, TT Nagar, Bhopal",2.7,₹250,12Noon to 11:30PM (Mon-Sun),6 votes
Food Garage,"0755 4229684, +91 9981135018","S-52,GTB Complex, New Market, TT Nagar, Bhopal",2.8,₹450,8AM to 11PM (Mon-Sun),10 votes
The Zara's,+91 8370000281,"31, Neelam Colony, Near Lily Talkies, Peer Gate Area, Bhopal",3.1,₹700,12Noon to 12Midnight (Mon-Sun),9 votes
Moti Mahal Delux Tandoori Trail,0755 4053303,"1, Food Court, Ashima Mall, Gulmohar Colony, Bhopal",2.8,₹350,11AM to 11PM (Mon-Sun),8 votes
Hyderabadi Bawarchi,"+91 9806562133, +91 9591205444","191, Rohit Nagar, Bawadiya Kalan, Gulmohar Colony, Bhopal",3.2,₹800,8AM to 11PM (Mon-Sun),10 votes
Curry Leaf,+91 9644004421,"E2/3, Obedulla Ganj Road, Opposite Habibganj Railway Station, Arera Colony, Bhopal, Madhya Pradesh 462016",-,₹800,7AM to 11PM (Mon-Sun),NEW
Amulya Restaurant,"0755 2427148, +91 9826057495","12 Number Bus Stop, Near Ishwar Nagar Main Gate, Arera Colony, Bhopal",2.5,₹350,11AM to 12Midnight (Mon-Sun),17 votes
Hill Point,"+91 9826088104, +91 9893405360","Doordarshan Road, Shymala Hills, TT Nagar, Bhopal",-,₹650,10AM to 11PM (Mon-Sun),NEW
1UP Barbeque,+91 9300871525,"Beside Paliwal Hospital, Near ISBT, Habib Ganj, Bhopal, Madhya Pradesh",-,₹750,11AM to 11PM (Mon-Sun),NEW
Kachnaar - Hotel Raja Bhoj,"0755 4005514, +91 8878781760","Ayodhya Bypass Road, Hotel Raja Bhoj, People's Campus, People's Group, Bhanpur, JP Nagar, Bhopal",3.3,₹800,11AM to 11PM (Mon-Sun),16 votes
Aqua Multi Cuisine Restaurant,0755 4032900,"Hotel Kwality Motel Shiraz, Shivaji Nagar, Zone 2, Maharana Pratap Nagar, Bhopal",3.1,₹500,11AM to 11PM (Mon-Sun),6 votes
Nishevan,0755 2555702,"211,Hotel Nisarg, Zone 1, Maharana Pratap Nagar, Bhopal",3.1,₹800,11AM to 11PM (Mon-Sun),6 votes
F Cube cafe and Restaurant,0755 4232223,"Plot R-2, Zone 1, M.P. Nagar, Maharana Pratap Nagar, Bhopal",3.1,₹500,12Noon to 11PM (Mon-Sun),7 votes
Alfresco -The Food Truck,+91 9109590175,"Near Ashima Mall, Gulmohar Colony",3,₹400,6PM to 11PM (Mon-Sun),4 votes
Rajoriya Restaurant,+91 9827766520,"Shop number 22, J K Road, Bhopal",NEW,₹300,6AM to 11PM (Mon-Sun),NEW
Chache Da Dhaba,+91 9826247184,"15-16, Satellite Plaza, Ayodhya Nagar, BHEL, Bhopal",3,₹300,11AM to 11PM (Mon-Sun),5 votes
Shivle's Evening Point,+91 9425009217,"7, Bittan Market, Arera Colony, Bhopal",3,₹650,5PM to 11PM (Mon-Sun),14 votes
Gurunanak Panjabi Dhaba,Not available for this place,"Lal Ghati, Opposite HP Petrol Pump, Kohefiza, Bhopal",2.9,₹400,12Noon to 11:30PM (Mon-Sun),5 votes
Hotel Rajdhani,"0755 2560560, +91 9827055859","11, Sai Baba Board, Arera Colony, Bhopal",3.1,₹250,11AM to 10:30PM (Mon-Sun),13 votes
Jharoka - Hotel Imperial Sabre,0755 4247257,"VIP Road, Ahmedabad, Kohefiza, Bhopal",3.1,"₹1,500",11:30AM to 12Midnight (Mon-Sun),7 votes
Punjab Ka Chole Bature,+91 9584884932,"Shop No 5, New Market, TT Nagar, Bhopal",2.6,₹200,10AM to 10PM (Mon-Sun),9 votes
Mezbaan Bhopal,0755 4904486,11-12 Ameen Manzil Tatpar Blood Bank Near Lily Tradewing,3.2,₹500,12Noon to 11PM (Mon-Sun),8 votes
MoShik's Homemade Chocolates,"+91 8982712308, +91 8602228389",,3.2,₹200,7AM to 10PM (Mon-Sun),10 votes
Shoonya Cafe,+91 9826235179,"Nav Door Sanchar Nagar, Rohit Nagar, Bawadiya Kalan, Gulmohar Colony, Bhopal",-,₹600,11AM to 10PM (Mon-Sun),NEW
Woodz Inn,+91 8871917000,"Aero Resort, Asaram Ashram Chowraha, Gandhi Nagar, Airport Area, Bhopal",2.7,₹800,1PM to 12Midnight (Mon-Sun),6 votes
Anjani Bhojnalay,0755 4231994,"Plot No 92, Zone 2, Maharana Pratap Nagar, Bhopal",3,₹300,11AM to 11PM (Mon-Sun),12 votes
Ripples,0755 2661964,"Hotel Lake View Ashok, Doordarshan Road, TT Nagar, Bhopal",2.9,"₹1,200",11AM to 11:30PM (Mon-Sun),8 votes
The Fit Kitchen,+91 9179744872,"33, Next to Siddharth Public School, Chanakyapuri, Minal Residency, BHEL, Bhopal",3.1,₹200,4PM to 11PM (Mon-Sun),7 votes
Total Refreshing Point,+91 7692006985,"Campion School Shahpura, Bhopal, Arera Colony, Bhopal",3.1,₹200,6PM to 11PM (Mon-Sun),5 votes
Time Out,0755 4033400,"Hotel Rajhans, 268 Zone 2, Maharana Pratap Nagar, Bhopal",3.3,₹550,11AM to 11PM (Mon-Sun),15 votes
Moms Kitchen,+91 9229110333,"Link Road-1, Red Cross Campus, Shivaji Nagar, Maharana Pratap Nagar, Bhopal",-,₹350,24 Hours (Mon-Sun),NEW
Peppers Restaurant & Fast Food,"0755 2461288, 0755 2461289","E-2/18, Hotel Pukhraj, Opposite Habibganj Railway Station, Habib Ganj, Bhopal",3,₹800,8AM to 11PM (Mon-Sun),7 votes
Lams Era,+91 8817737022,"G-2, Plot 131, Narula Complex, Zone 2, Maharana Pratap Nagar, Bhopal",2.8,₹250,11AM to 11PM (Mon-Sun),8 votes
Delight Korner Cafe and Restaurant,"+91 9993897203, +91 9993897203","Plot no. 157 Sector A, Awadhpuri Grah, Nirman Society, BHEL, Bhopal",-,"₹1,200",9AM to 10:30PM (Mon-Sun),NEW
Half Plate,+91 9131487474,"Campian School Road Arera Colony, Bhopal,",3.1,₹350,6PM to 10:30PM (Mon-Sun),5 votes
Sukh Sagar Restaurant,+91 7554937299,"East-5/33, East-5, Arera Colony, Bhopal, Bhopal",NEW,₹800,10AM to 11PM (Mon-Sun),NEW
The Twenties,+91 8719861986,"156, Link Road 1, Zone-I, Maharana Pratap Nagar, Bhopal",2.9,"₹1,100",11AM to 11:30PM (Mon-Sun),6 votes
Imperial Green Restaurant,0755 2556001,"Hotel Residency, 208, Maharana Pratap Nagar, Bhopal",-,"₹1,000",11AM to 11PM (Mon-Sun),NEW
Mom's Kitchen,+91 9399112770,"Shop LG-8, Kartar Arcade, New Capital Petrol Pump, Raisen Road",-,₹300,7AM to 10PM (Mon-Sun),NEW
Blossom Restaurant,"0755 4004080, 0755 4004081","Hotel Shree Vatika, Zone 1, Maharana Pratap Nagar, Bhopal",3.2,₹600,7AM to 11PM (Mon-Sun),6 votes
Nasha,0755 2740500,"Hotel Ranjit Golden Oak Resort, Gulmohar Colony, Bhopal",3,"₹1,000",10AM to 12Midnight (Mon-Sun),5 votes
Sky Height's Lounge & Snooker,0755 2721300,"18, Old MLG Road, SA Complex, Budhwara, Kohefiza, Bhopal",-,₹750,11AM to 6AM (Mon-Sun),NEW
Drool Ah!,+91 9131830640,"Akriti Business Centre, Rohit Nagar Phase 1, Aakriti Ecocity, Salaiya, Gulmohar Colony, Bhopal",3,₹350,11AM to 11PM (Mon-Sun),4 votes
Amar Jyot Restaurant,"0755 2679956, +91 8989441314","Shop 11 -12, Near Government Boys High School, Beragargh, Kohefiza, Bhopal",2.9,₹350,12Noon to 12Midnight (Mon-Sun),4 votes
Delicious Delhi Dhaba,+91 9399630724,"C B Ram Automobiles, Near Zara Meal, Hoshangabad Road",-,₹400,8AM to 12Midnight (Mon-Sun),NEW
Mamaji Jalebi Wale,+91 9039313139,"Address: S.No. 8 & 9, Lakherapura, Ibrahimpura,, Peer Gate Area, Ibrahimpura, Peer Gate Area",-,₹200,7AM to 11PM (Mon-Sun),NEW
Malwa Majesty,"+91 8435093756, 0755 4273293","Near Aashima Mall, Habib Ganj, Bhopal",2.8,₹300,11:30AM to 11:30PM (Mon-Sun),6 votes
Gandhi Dham,+91 9303132544,"1, Roshanpura, TT Nagar, Bhopal",3.1,₹250,10AM to 11PM (Mon-Sun),12 votes
Delhi Darbar,"0755 4221816, +91 9926822256","Samta Chowk, New Market, TT Nagar, Bhopal",2.8,₹600,9AM to 11:30PM (Mon-Sun),6 votes
Shagun Restaurant,"+91 8224087777, +91 8224083333","7 Hawa Mahal Road, Bhavani Chowk, Peer Gate Area, Bhopal",-,₹400,10AM to 11PM (Mon-Sun),NEW
Cafe Indigo,"0755 4254890, +91 9926925158","10, Kolar Castle, Kolar Road, Chuna Bhatti, Gulmohar Colony, Bhopal",3,₹300,10AM to 10PM (Mon-Sun),6 votes
Begum’s BBQ,+91 9770755337,"Nakkar Khana, Peer Gate Area, Bhopal",2.9,₹800,5PM to 11PM (Mon-Sun),6 votes
Daawat,0755 4273333,"R-85, Zone-2, Maharana Pratap Nagar, Bhopal",3,₹300,11AM to 11PM (Mon-Sun),4 votes
Afterdark - Hotel Sarthak,+91 9826822142,"Hotel Sarthak, 1, Link Road, Malviya Nagar, TT Nagar, Bhopal",-,"₹1,500",11AM to 11PM (Mon-Sun),NEW
Pizza Inn,+91 9893298538,"Opposite Petrol Pump, Yamana Square, Polytechnic Square, Kamla Park Road, TT Nagar, Bhopal",3,NILL,NILL,5 votes
Udipi Restaurant,+91 8109501618,"Opposite Sai Mandir, Dwarka Nagar, JP Nagar, Bhopal",2.9,₹400,11AM to 10:30PM (Mon-Sun),4 votes
Saatvik Restaurant,+91 9425892434,"Nayapura Kolar Road, Habib Ganj, Bhopal",3,₹500,8AM to 11PM (Mon-Sun),4 votes
Yafi Kathi Roll,+91 7898361062,"Shop 1 Gulshan-e-Alam ,Opposite Sultania School, Near Bab-e-Ali Stadium Shajahanabad, Peer Gate Area, Bhopal",2.9,₹200,12Noon to 12Midnight (Mon-Sun),4 votes
Makhani Restaurant,"+91 7554939299, +91 7772869897","4/B, Ram Complex, Govind Garden, Raisen Road, Bhopal, Madhya Pradesh",-,"₹1,100",11:30AM to 11PM (Mon-Sun),NEW
R K Regency,"0755 2429952, +91 7389901279","41, Amaltas-1,Chuna Bhatti, Kolar Road, Arera Colony, Bhopal",2.9,₹600,11AM to 11PM (Mon-Sun),4 votes
The Cafe Farzi,+91 7354441259,"196, Link Road 1, Kamdhenu Complex, DB Mall, Zone-I, Maharana Pratap Nagar, Bhopal",-,₹700,11AM to 11PM (Mon-Sun),NEW
Kukuz,"+91 9926332183, +91 9826407850","Danish Nagar Hausangabad Road, Gulmohar Colony, Bhopal",-,₹300,11AM to 11PM (Mon-Sun),NEW
Rasoi,0755 4256351,"6, Hotel Shalimar Deluxe, Datta BuildingN, ear Sangam Cinema, Hamidia Road, Jhangirabad, Bhopal",-,₹800,7:30AM to 10:30PM (Mon-Sun),NEW
Kinara Restaurant,"0755 2660090, 0755 2661964","Hotel Lake View Ashok, Doorsardhan Road, TT Nagar, TT Nagar, Bhopal",2.8,"₹1,200",7AM to 11PM (Mon-Sun),5 votes
Mausa Ji Da Dhaba,+91 8319887554,"Food Court, Ashima Mall, Habib Ganj",3.1,₹650,11AM to 11PM (Mon-Sun),4 votes
Food Venture,+91 7987349145,"Trilanga, Gulmohar Colony, Bhopal",-,₹200,11AM to 10PM (Mon-Sun),NEW
Meal On!!,+91 9111998999,"Ayodhya Bypass Road, Near Minal Gate 2, BHEL, Bhopal",-,₹300,10AM to 10PM (Mon-Sun),NEW
Chatar Patar,+91 9229111222,"110/7, Near Mandakini Square Opposite DDX Cinemas Kolar Road, Bhopal",-,₹300,10AM to 10PM (Mon-Sun),NEW
Mayur Hotel,+91 9630155946,"108, BDA Complex, Shop Number 7, Arera Colony, Bhopal",-,₹300,10AM to 10:30PM (Mon-Sun),NEW
Anna Sagar Restaurant,"+91 9302653554, +91 9479449422",opp. railway. station hamidia road Bhopal,-,₹350,10AM to 11:30PM (Mon-Sun),NEW
Familia,0755 4258888,"Golden Lakes Hotel,Gandhi Nagar, Airport Road, Airport Area, Bhopal",-,₹800,7AM to 11PM (Mon-Sun),NEW
Evergreen Garden & Restaurant,0755 6900690,"Bhesha Khedi Main Road, Bairagarh Kalan, Airport Area, Bhopal",2.9,₹650,11AM to 11PM (Mon-Sun),4 votes
New Sangam Bhojanalay,+91 9893835733,"Opposite Piplani Petrol Pump, Raisen Road, BHEL, Bhopal",2.8,₹450,11AM to 11PM (Mon-Sun),5 votes
Chai Ho Jaye,"+91 9171333851, +91 9981250068","Near D Mart, Beside Prakesh Dhaba, Hoshangabad Road, Arera Colony, Bhopal",-,₹407,9AM to 11:45PM (Mon-Sun),NEW
Rasta - A Rooftop Thing,+91 7554050678,"Rooftop, 4-5 Mahakali H.S. Main Road, Near Aura Mall, Trilanga, Gulmohar Colony, Bhopal",3,₹850,11AM to 11PM (Mon-Sun),5 votes
Bhopal Food Factory,0755 2544444,"201, Berasia Road, Peepal Chowraha, Berasia Road, Peepal Chowraha, Murli Nagar, Karond",3,₹400,11AM to 11PM (Mon-Sun),5 votes
Spoons,"0755 2583117, 0755 2583118","Hotel K International, Plot 19, ISBT Commercial Campus, Maharana Pratap Nagar, Bhopal",2.9,₹500,11AM to 11PM (Mon-Sun),4 votes
Sunrise Restaurant,0755 4235976,"Near Reliance Fresh, Kolar Road, Gulmohar Colony, Bhopal",2.8,₹500,11AM to 11PM (Mon-Sun),7 votes
Da'wat Restaurant,+91 8962175647,"B-435, Indra Vihar Colony, Airport Area, Bhopal",-,₹250,11AM to 11PM (Mon-Sun),NEW
Kerala Cafe,+91 9522578658,"Second Floor, Ashima Mall, Gulmohar Colony",-,₹500,10:30AM to 11PM (Mon-Sun),NEW
The Kanha Castle,+91 9285510040,"223-A, Zone 1, MP Nagar, Bhopal, Bhopal",NEW,"₹1,200",12Noon to 11PM (Mon-Sun),NEW
Shaan-E-Bhopal,+91 7554928999,"Shop No. 1, 80 Feet Road, Pushpa Nagar, Naveen Nagar, TT Nagar, Bhopal",-,₹600,24 Hours (Mon-Sun),NEW
Himalaya,+91 7509641949,"Ganesh Nagar Opp Asha Mall, Gulmohar Colony, Bhopal",-,₹650,11AM to 11PM (Mon-Sun),NEW
Brijwasi Sweets,"0755 4270887, +91 9300024592","Shop 22/23/24, Near Jyoti Shopping Centre, Maharana Pratap Nagar, Bhopal",2.7,₹400,8AM to 10PM (Mon-Sun),8 votes
Hotel New Zaiqa,+91 9993957602,"Opposite Railway Station, Platform 1, Peer Gate Area, Bhopal",-,₹800,24 Hours (Mon-Sun),NEW
Rich Flavours Bakery & Restaurant,+91 7909468237,"Katara Hills, Hoshangabad Road, Bag Mungalia, Besides Spring Valley Dew, Maharana Pratap Nagar, Bhopal",-,₹400,11AM to 11PM (Mon-Sun),NEW
The Royal Court,"+91 9165001166, 0755 4297799","E-8, IT Plaza, Gulmohar Colony, Bhopal",2.9,₹800,11AM to 12Midnight (Mon-Sun),5 votes
Momos Factory,+91 8109218750,"Shahpura, Bhopal, Madhya Pradesh, India",-,₹100,3AM to 10PM (Mon-Sun),NEW
Luv Shuv Tey Chicken Khurana,+91 9999817654,"Chuna Bhatti, Opposite to Reliance Fresh, Near HDFC Bank, Bhopal",-,₹350,7PM to 11PM (Mon-Sun),NEW
Swad Family Restaurant,Not available for this place,"Press Complex, Zone 1, Maharana Pratap Nagar, Bhopal",-,₹350,11AM to 11PM (Mon-Sun),NEW
Connaught Place Food Plaza,+91 7554016004,"Food Court, People's Mall, Bhanpur Road, JP Nagar, Bhopal",-,₹500,10AM to 10:30PM (Mon-Sun),NEW
Masala Mantra,"0755 4270377, 0755 6510377","549, Roshanpura, TT Nagar, Bhopal",2.9,₹450,11AM to 11PM (Mon-Sun),4 votes
AB's Tom and Jerry,+91 8435444411,"C-137, Indrapuri, Near RK Hospital, BHEL, Bhopal",-,₹500,11AM to 11PM (Mon-Sun),NEW
Sri Radha Krishan Bonjanalaya,Not available for this place,"Royal Market, Opposite GPO, Peer Gate Area, Bhopal",-,₹200,11AM to 12Midnight (Mon-Sun),NEW
Raas - Hotel Sangam,"0755 2741600, 0755 2741700","Hotel Sangam, Near Sangam Cineplex, Hamidia Road, Peer Gate Area, Bhopal",3,₹800,7AM to 11PM (Mon-Sun),5 votes
7 Onward - Hotel Sangam,"0755 2741600, +91 7773014125","Hotel Sangam, Near Sangam Cineplex, Off Hamidia Road, Peer Gate Area, Bhopal",-,"₹1,000",11AM to 11PM (Mon-Sun),NEW
Apsara Restaurant,"0755 2661392, 0755 4221883","Ravindra Bhavan Complex, Shymala Hills, TT Nagar, Bhopal",-,₹300,10:30AM to 10:30PM (Mon-Sun),NEW
Swad Restaurant,0755 4042400,"Hotel Kamal Regency, Main Railway Station, Peer Gate Area, Bhopal",-,₹800,11AM to 11PM (Mon-Sun),NEW
Neelkamal,0755 2531831,"Royal Market, Opposite GPO, Peer Gate Area, Bhopal",-,₹400,10AM to 11PM (Mon-Sun),NEW
Spicy Affair,"+91 9893648888, +91 9300871525","Hotel Rajhans Regent, 14-15 Commercial Area ISBT, Near Chetak Bridge Circle, Maharana Pratap Nagar, Bhopal",-,₹500,10AM to 11PM (Mon-Sun),NEW
Surya Restaurant,0755 2741701,"Hotel Surya, Hamidia Road, Opposite BP Petrol Pump, Peer Gate Area, Bhopal",-,₹800,7AM to 11PM (Mon-Sun),NEW
Food Station,"+91 8109988661, 0755 4258373","2, Chinar Royal, Opposite Barkatullah University, Vidya Nagar, Habib Ganj, Bhopal",-,₹350,7AM to 10:30PM (Mon-Sun),NEW
Danish,+91 9893298538,"Shop No 1, Opposite Kilol Park Petrol Pump, TT Nagar, Bhopal",3,NILL,NILL,5 votes
Jameel,+91 9977990550,"Emani Gate, Neem Road, Peer Gate Area, Bhopal",-,₹350,12Noon to 1AM (Mon-Sun),NEW
Hotel Mohit Regency,0755 4274675,"Near Sargam Cinema, 189 A Zone 2, Maharana Pratap Nagar, Bhopal",-,₹600,11AM to 11PM (Mon-Sun),NEW
Kababis,+91 9584114320,"Near Green City Colony, Gulmohar Colony, Bhopal",-,₹350,11AM to 11PM (Mon-Sun),NEW
Amrapali,0755 2574293,"Main Road 1, New Market, Behind Hanuman Mandir, TT Nagar, Bhopal",-,₹150,9AM to 11PM (Mon-Sun),NEW
Ustad Chote Nawab,+91 9301975579,"57, Kasturba Market, Habib Ganj, Bhopal",-,₹450,2PM to 11PM (Mon-Sun),NEW
Tripti,0755 4272222,"Hotel Surendra Vilas, 240, Zone 1, Maharana Pratap Nagar, Bhopal",-,₹800,"12Noon to 3PM, 7PM to 12Midnight (Mon-Sun)",NEW
Bhojkuti,+91 9300787491,"Shop 120, C Sector, Indrapuri, BHEL, Bhopal",-,₹200,11AM to 11PM (Mon-Sun),NEW
White Oak Restaurant,+91 7554936633,"75, Sanyog Vihar, Near Shahpura Thsna, Maharana Pratap Nagar, Bhopal",-,₹500,11AM to 11PM (Mon-Sun),NEW
Raju Bhai Amar Hotel,0755 2550103,"Campus Ganpati Hotel Zone 2, Maharana Pratap Nagar, Bhopal",-,₹300,11AM to 11PM (Mon-Sun),NEW
Heaters The Bar,"0755 4005514, +91 8878781760","Raja Bhoj Hotel, Ayodhya Bypass Road , Opposite People's Hospital, Peoples Campus, Bhanpur, JP Nagar, Bhopal",-,"₹1,000",11AM to 11PM (Mon-Sun),NEW
Lost Village,"0755 4230222, +91 9893783013","E 3/49, Kamdar Apartment Basement, Near Archies Gallery, Stop 10, Arera Colony, Bhopal",-,₹450,9AM to 11PM (Mon-Sun),NEW
New Pakiza,"+91 9302292242, +91 7869677705","Emani Gate,Neem Road, Peer Gate Area, Bhopal",-,₹700,12Noon to 2AM (Mon-Sun),NEW
Spicy n' Icy,+91 9713553183,"9/2, Imami Gate, Neem Road, Peergate, Bhopal, Bhopal",NEW,₹250,12Noon to 11PM (Mon-Sun),NEW
Hotel Shikhar Palace,+91 9893100355,"Near Sehore Naka, Bairagarh, Kohefiza, Bhopal",-,₹450,11AM to 11PM (Mon-Sun),NEW
Maanpreet Bar & Restaurant,"+91 8103042356, 0755 4289600","105, Hotel Manpreet, Ashoka Garden, Jhangirabad, Bhopal",-,"₹1,000",11AM to 12Midnight (Mon-Sun),NEW
Delhi Ke Chole Bature,0755 2558986,"Shop 6, New Market, TT Nagar, Bhopal",-,₹200,10AM to 10PM (Mon-Sun),NEW
Mosaic Restaurant,"+91 9893055111, +91 9229226633","Opposite Ranjeet Nissan Motors, Maharana Pratap Nagar, Bhopal",-,₹300,11AM to 11PM (Mon-Sun),NEW
Shambys Pizza Cafe,0755 4122444,"F18, 2nd Floor, Aura Mall, Gulmohar Road, Gulmohar Colony",-,₹500,11AM to 11PM (Mon-Sun),NEW
Multi Cuisine Restaurant - Hotel Western,+91 7024243703,"Hotel Western, A101-102, Orchard Point, Palace Orchard, Kolar Main Road, Near Arera Colony, Arera Colony, Bhopal",-,"₹1,000",8AM to 11PM (Mon-Sun),NEW
Pet Pooja,"+91 9111887799, +91 9111887700","Unnamed Road, Surendra Palace, Narayan Nagar, Bhopal",NEW,₹300,11AM to 11:30PM (Mon-Sun),NEW
Rangoli,"0755 4218991, +91 9926999845","Hotel Tulsi Exotic, 248 Zone 2, Maharana Pratap Nagar, Bhopal",-,₹700,11AM to 11PM (Mon-Sun),NEW
Cafe Kick,+91 9893882728,"261, Behind Rajhans Hotel, Zone 2, Maharana Pratap Nagar, Bhopal",-,₹300,10AM to 10PM (Mon-Sun),NEW
FlopShop Cafe,"+91 9313666555, +91 7554209211","DK-1/211, Danish Kunj, Kolar Road, Arera Colony, Bhopal",-,₹350,11AM to 11PM (Mon-Sun),NEW
Culcutta Ka Chole Bature,+91 9826814452,"Shop No 4, New Market, TT Nagar, Bhopal",-,₹100,10AM to 10PM (Mon-Sun),NEW
R J Paratha House,+91 7566866092,"shop-7, opp syndicate bank, indrapuri sec- c, BHEL, Bhopal",-,₹300,10:30AM to 10:30AM (Mon-Sun),NEW
Shagun's Restaurant,"0755 2544250, 0755 4205250","Hotel Shagun, Bhawani Chowk, Peer Gate Area, Bhopal",-,₹800,8AM to 11PM (Mon-Sun),NEW
Raj Bhog Restaurant,"+91 9827975003, 0755 2710043","Platform 1, Railway Station, Near Mushkan Talkies, JP Nagar, Bhopal",-,₹350,9AM to 11PM (Mon-Sun),NEW
Vintage Bar,"0755 4042400, 0755 4042401","Hotel Kamal Regency, Main Railway Station Road, Peer Gate Area, Bhopal",-,"₹1,000",10AM to 12Midnight (Mon-Sun),NEW
Food Stories,+91 9575145111,"Kotra Sultanbad Road, Rajiv Nagar, Shastri Nagar, Bhopal, Madhya Pradesh 462003, India",-,₹300,11AM to 10PM (Mon-Sun),NEW
Alfry Foods,+91 9300219834,"Shop number.18, Masjid Umrao Dulha, Itwara, Bhopal, Bhopal",NEW,₹300,11AM to 12Midnight (Mon-Sun),NEW
Lucknowi Zaika,"0755 6006011, +91 8602006011","Hotel Neena Palace, Near Lal Ghati, Kohefiza, Bhopal",-,₹500,11AM to 11PM (Mon-Sun),NEW
Hotel Ronak Plaza,0755 4201193,"216, Zone1, Maharana Pratap Nagar, Bhopal",-,₹500,11AM to 11PM (Mon-Sun),NEW
Ovenstory Pizza,+91 9300344675,"Plot 5 & 6, City Cement, First Floor, Near Railway Line, Chetak Bridge, Maharana Pratap Nagar, Bhopal",Opening Soon,₹750,NILL,NEW
The Nukkad,+91 9755976229,"Bus Stop Road, Block A, Hemu Kalani, Bairagarh, Bhopal",-,₹250,1PM to 11PM (Mon-Sun),NEW
Food O Bar,+91 9981052065,"HIG 23,Zone 2,Habib Ganj Road, Near Pragati Petrol Pump, Maharana Pratap Nagar, Bhopal",-,₹300,11AM to 11PM (Mon-Sun),NEW
New Pakiza Hotel,"+91 7869677705, +91 9893161582","Emani Gate, Neem Road, Peer Gate Area, Bhopal",-,₹400,12Noon to 2AM (Mon-Sun),NEW
Prakash Family Restaurant,+91 9039879767,"Ganesh Nagar, Opposite Asha Mall, Gulmohar Colony, Bhopal",-,₹450,11AM to 11PM (Mon-Sun),NEW
Neelam Chat & Restaurant,+91 9329664774,"Chanchal Square, Bairaagargh, Kohefiza, Bhopal",-,₹100,10AM to 11PM (Mon-Sun),NEW
Hotel Kolar,+91 9827668576,"Opposite India Mart, Arera Colony, Bhopal",-,₹650,10AM to 10:30PM (Mon-Sun),NEW
Saaj Ri Dhani,+91 9425016607,"245, Behind Aakriti Green, Salaiya, Gulmohar Colony, Bhopal",-,"₹1,000",11AM to 11PM (Mon-Sun),NEW
Truly Fresh,0755 4016007,"Bhojan Mantra Food Court, People's Mall, Ayodhya Bypass Road, Bhanpur, JP Nagar, Bhopal",-,₹300,10AM to 10:30PM (Mon-Sun),NEW
Chatora Point,+91 7587930612,"Shop 5, Jawahar Chowk, Bhadbhada Road, Near Haneef Masjid, Maharana Pratap Nagar, Bhopal",-,₹300,12Noon to 10PM (Mon-Sun),NEW
Hotel Gaurav Palace,0755 4008860,"216, Zone 1, Behind Jyoti Cinema, Maharana Pratap Nagar, Bhopal",-,₹650,7AM to 11PM (Mon-Sun),NEW
Ma Karma Dairy & Bhojanalay,+91 7772897758,"Opposite Anand Nagar Thana, 5 Raisen Road, BHEL, Bhopal",-,₹300,11AM to 11PM (Mon-Sun),NEW
Hotel Anand Palace,0755 4271450,"120, Zone 2, Maharana Pratap Nagar, Bhopal",-,₹600,8AM to 11PM (Mon-Sun),NEW
Khan Brother's Food Junction A/C Family Restaurant,"0755 4929007, 0755 2443873","Banjari, DK 1, Danish Kunj, Kolar Main Road, Arera Colony, Bhopal",-,₹250,3PM to 11PM (Mon-Sun),NEW
Thali Restaurant - Hotel Pukhraj,Not available for this place,"Hotel Pukhraj, E-2/18, Opposite Habib Ganj Railway Station, Habib Ganj, Bhopal",-,₹400,11AM to 11PM (Mon-Sun),NEW
11 Meal Restaurant,+91 9755715787,"NH46, Gopal Nagar, BHEL, Bhopal",-,₹350,10AM to 10PM (Mon-Sun),NEW
The Pearl Cookery,+91 8839628282,"Behind Shikhar Palace, Bairagarh Sehore Road, Bhopal",-,"₹1,500",11AM to 10:30PM (Mon-Sun),NEW
Hunger Knights,+91 9340014319,"Near Kamla Nagar Police Station, Nehru Nagar, TT Nagar, Bhopal",Opening Soon,₹200,NILL,NEW
Sahni Vaishnav Bhojnalaya,"0755 2747077, +91 9977001406","Shop 4, Corporation Building, Nagra Bus Stand, Hamidia Road, Peer Gate Area, Bhopal",-,₹350,9AM to 12Midnight (Mon-Sun),NEW
Hotel Sai Mahima,"0755 4224242, +91 8962922770","116, Zone 2, Near City Hospital, Maharana Pratap Nagar, Bhopal",-,₹400,11AM to 11PM (Mon-Sun),NEW
Srishti,"+91 9926411205, +91 9407349955","Shop No Lg 20, Western Plaza, Chuna Bhatti, Arera Colony, Bhopal",-,₹300,10AM to 10PM (Mon-Sun),NEW
Hotel Skylark,0755 4275871,"Opposite Arya Bhavan, Zone 2, Maharana Pratap Nagar, Bhopal",-,₹650,11AM to 11:30PM (Mon-Sun),NEW
Royal Biryani House,"+91 9644007621, +91 9644007632","Alpana Tirhaya, Hamidia Road, Opposite BP Petrol Pump, Peer Gate Area, Bhopal",-,₹350,11AM to 11PM (Mon-Sun),NEW
Vedant Fast Food,+91 9893191155,"B-24, Gyan Kunj, New Ashoka Garden, Jhangirabad, Bhopal",-,₹350,11AM to 11PM (Mon-Sun),NEW
Silver Oak,"0755 2591124, 0755 2710645","3A, Hotel Silver Inn, Ashoka Garden, Raisen Road, Arera Colony, Bhopal",-,₹800,7AM to 11PM (Mon-Sun),NEW
Spicy Affair,0755 2580025,"Emsmi Gate Chauraha, Near Hamidiya Hospital, Peer Gate, Bhopal",-,₹700,3PM to 1AM (Mon-Sun),NEW
Shree Swad Restaurant,+91 9174911110,"Shop 1, Earning Point, Mandakini Square, Kolar Road, Arera Colony, Bhopal",-,₹300,11AM to 11PM (Mon-Sun),NEW
Pooja Bhojnalay,+91 9755366059,"Infront Mahrana Pratap Chauraha, Zone 1, Maharana Pratap Nagar, Bhopal",-,₹200,8:30AM to 10:30PM (Mon-Sun),NEW
Cafe Eleven to Eleven,+91 7611119903,"Mendora, Bhopal",NEW,₹600,11AM to 11PM (Mon-Sun),NEW
Sunset Bar-Be-Que Restaurant - Welcomheritage,0755 4223333,"VIP Road, Kohefiza, Bhopal",-,₹598,7AM to 11PM (Mon-Sun),NEW
Shape Cafe,+91 9479536365,"Aura Mall, Inside P3 Gym, Fortune Pride, Trilanga, Bhopal, Madhya Pradesh",-,₹400,"8AM to 1PM, 5PM to 10PM (Mon-Sun)",NEW
Waffle Hut,+91 9893815081,"Aura Mall, Gulmohar Colony, Bhopal",-,₹400,1PM to 12Midnight (Mon-Sun),NEW
Abhishek Restaurant,+91 9993708405,"130, Zone 2, Maharana Pratap Nagar, Bhopal",-,₹300,11:30AM to 10PM (Mon-Sun),NEW
New Hakeem Hotel,0755 4003555,"8 - 9, Sarnath Complex, Opposite Board Office, TT Nagar, Bhopal",-,₹800,10AM to 11:30PM (Mon-Sun),NEW
Hotel Sudarshan Palace,"0755 4269049, 0755 2575461","155, Zone 2, Maharana Pratap Nagar, Bhopal",-,₹400,7AM to 11PM (Mon-Sun),NEW
The Garden Gourmet,+91 9111922274,"Ruchi Lifescape, Jatkhedi, Bhopal",NEW,₹800,"10AM to 10PM (Mon-Sat),Closed (Sun)",NEW
Sai Bhojanalaya,+91 9826740250,"18 C, Padmanabh Nagar, Near Vijaya Bank, Jhangirabad, Bhopal",-,₹300,11AM to 11PM (Mon-Sun),NEW
Mirch Masala Restaurant,0755 4291010,"26, Hotel Lal's Plaza, Hamidia Road, Near Old Bus Stand, Peer Gate Area, Bhopal",-,₹300,7AM to 12Midnight (Mon-Sun),NEW
Yummy Tummy,+91 9977010944,"40-41/48 New Market T.T. Nagar Bhopal, Bhopal",NEW,₹500,"(Mon),12Noon to 10:30PM (Tue-Sun)",NEW
Krishna Vaishnav Bhojnalaya,Not available for this place,"Opposite Bhopal Station Platform 6, Railway Station Road, Jhangirabad, Bhopal",-,₹250,9AM to 12Midnight (Mon-Sun),NEW
Juss Sip,0755 4011051,"Hotel Satya Villas, Plot 13, Zone 2, Maharana Pratap Nagar, Bhopal",-,"₹1,000",10:30AM to 12Midnight (Mon-Sun),NEW
Paratha Mania,+91 9907103671,"5 Vineet Kunj Kolar Road, Arera Colony, Bhopal",-,₹300,11AM to 11PM (Mon-Sun),NEW
Pizza Plus,"+91 8000055669, +91 9898208294","Opposite Indusind Bank, Arera Colony, Bhopal",-,₹500,11AM to 11PM (Mon-Sun),NEW
ChickenKukduku,+91 9826770511,"East-3, Arera Colony, Bhopal",-,₹300,"Closed (Mon-Fri),11AM to 9PM (Sat-Sun)",NEW
Ratan's Little Paradise,+91 8819945522,"Shop 46,47,48A, Manisha Market, Near Shahpura Lake, Bhopal",-,₹300,10AM to 11:30PM (Mon-Sun),NEW
Taste Of Bhopal,+91 7566129056,"Shop 1, 80 Feet Road, Pushpa Nagar, Jhangirabad, Bhopal",-,₹250,9AM to 11PM (Mon-Sun),NEW
Ayush Fast Food,+91 9826758352,"27, Marvadi Road, Near Jama Masjid, Azad Market, Peer Gate Area, Bhopal",-,₹200,11AM to 11PM (Mon-Sun),NEW
Nawabi Platters,+91 9754057763,"Ashiyana Complex Campus, Near Police Chowk, Kohefiza, Bhopal",-,₹300,11AM to 11PM (Mon-Sun),NEW
Taste of Gujarat,+91 9039159596,"Aura Mall, NDS Colony Lane 2, Fortune Pride, Shahpura, Bhopal",NEW,₹400,11AM to 10PM (Mon-Sun),NEW
The Royal Punjab Flavours,+91 8982682283,"H 264, Katara Hills Road, Arvind Vihar, Bagmugaliya, Bhopal",-,NILL,NILL,NEW
Raghuvanshi Restaurant,+91 9425010251,"139, Ashok Garden, Hanuman Mandir Road, Jhangirabad, Bhopal",-,₹350,11AM to 11PM (Mon-Sun),NEW
Firangi Bake,+91 9300344675,"Plot 5 & 6, City Cement, First Floor, Near Railway Line, Chetak Bridge, Maharana Pratap Nagar, Bhopal",Opening Soon,₹600,NILL,NEW
Monginese,+91 9981490156,"Chanchal Square, Bairagarh, Kohefiza, Bhopal",-,₹800,10AM to 12Midnight (Mon-Sun),NEW
V I P Fast Food,+91 9827099145,"Alpana Tiraya, Hamidia Road, Peer Gate Area, Bhopal",-,₹350,3PM to 12Midnight (Mon-Sun),NEW
Aashirwad South Indian,+91 9977722576,"25, Zone 2, Maharana Pratap Nagar, Bhopal",-,₹150,10AM to 10:30PM (Mon-Sun),NEW
Hub Way,+91 7509098087,"7, Kamla Park Road, Centre Market, Opposite Kilol Park, Petrol Pump, Krishna Nagar, Shymala Hills, Bhopal",-,₹300,8PM to 11PM (Mon-Sun),NEW
Balaji Restaurant,+91 7772999456,"Shop Number 549, Opposite D.P.Jewellers Roshanpura, TT Nagar, Bhopal",-,₹350,9AM to 1AM (Mon-Sun),NEW
Khushi Restaurant,+91 9826497461,"103-C, Khajuri Khurd Road, New Bypass, Raisen Road, Patel Nagar, BHEL, Bhopal",-,₹700,8AM to 12Midnight (Mon-Sun),NEW
BFF- Bhopal Food Factory,+91 9893068365,"201, Berasia Road, Peepal Chowraha, Peepal Chowraha, Murli Nagar, Karond, Bhopal",-,₹300,11AM to 11PM (Mon-Sun),NEW
