Taste Of India,"L 1, Radhekrishna Shopping Complex, Zone II, M P Nagar, Bhopal - 462011, Behind Sargam Cinema (Map)",4.1,-9152607352,354,https://www.justdial.com/BHOPAL/Taste-Of-India-Behind-Sargam-Cinema-M-P-Nagar/0755P755STD17215_BZDET?xid=QmhvcGFsIFJlc3RhdXJhbnRz,08:00 am - 11:00 pm
Shri Ram Fast Food & Family..,"Shop No., Bagh Sawaniya Main Road, Bagh Swaniya, Bhopal - 462026, Near Raja Bhoj Arcade (Map)",5,-9152954978,1,https://www.justdial.com/Bhopal/Shri-Ram-Fast-Food-Family-Restaurant-Near-Raja-Bhoj-Arcade-Bagh-Swaniya/0755PX755-X755-170516142504-Q1X4_BZDET?xid=QmhvcGFsIFJlc3RhdXJhbnRz,11:00 am - 11:00 pm
Tom And Jerry,"Shop No 3, Trilanga Road, Trilanga, Bhopal - 462039, Behind Bank Of Baroda (Map)",3.5,-9152959921,2,https://www.justdial.com/Bhopal/Tom-And-Jerry-Behind-Bank-Of-Baroda-Trilanga/0755PX755-X755-171226122504-J1W2_BZDET?xid=QmhvcGFsIFJlc3RhdXJhbnRz,10:00 am - 10:30 pm
Valentines Cafe,"Shop No. 1-2 Pushpa Nagar, 80 Feet Road Ashoka Garden, Bhopal - 462023, Near Manan Hotel (Map)",3.5,-9152781158,2,https://www.justdial.com/Bhopal/Valentines-Cafe-Near-Manan-Hotel/0755PX755-X755-180510194218-W2F3_BZDET?xid=QmhvcGFsIFJlc3RhdXJhbnRz,10:00 am - 10:30 pm
Cafe Alabina,"E-2 11/B, Arera Colony, Bhopal - 462016, Bank Of Maharashtra (Map)",4.8,-9152877573,20,https://www.justdial.com/Bhopal/Cafe-Alabina-Bank-Of-Maharashtra-Arera-Colony/0755PX755-X755-161025180809-J6W4_BZDET?xid=QmhvcGFsIFJlc3RhdXJhbnRz,09:30 am - 11:00 pm
New Indian Coffee House & R..,"13-B, Raisen Road, Indrapuri, Bhopal - 462023, Bhel (Map)",3.8,-9152924817,7,https://www.justdial.com/Bhopal/New-Indian-Coffee-House-Restaurant-Bhel-Indrapuri/0755PX755-X755-140317223827-Q6X9_BZDET?xid=QmhvcGFsIFJlc3RhdXJhbnRz,08:00 am - 11:00 pm
Red Chillies Family Restaur..,"Hig-3-4 A Sector, Ratnagiri Raisen Road, Raisen Road, Bhopal - 462022, Near Piplani Petrol Pump (Map)",5,-9152794739,1,https://www.justdial.com/Bhopal/Red-Chillies-Family-Restaurant-Near-Piplani-Petrol-Pump-Raisen-Road/0755PX755-X755-180127200349-B3F8_BZDET?xid=QmhvcGFsIFJlc3RhdXJhbnRz,11:30 am - 11:00 pm
Amitas Delhi Darbar,"4th Floor, G M Tower, Arera Colony, Bhopal - 462016, 10 No Market (Map)",4,-9152614350,120,https://www.justdial.com/Bhopal/Amitas-Delhi-Darbar-10-No-Market-Arera-Colony/0755P7480-7480-110214104724-F9H9_BZDET?xid=QmhvcGFsIFJlc3RhdXJhbnRz,11:00 am - 11:00 pm
Prada Food Zone,"Shop No.11 Rajat Shopping Complex, Rajat Vihar, Danish Kung, Danish Kung Road, Hoshangabad Road, Bhopal - 462011, Near Wonder School",4.5,-9152758879,3,https://www.justdial.com/Bhopal/Prada-Food-Zone-Near-Wonder-School-Hoshangabad-Road/0755PX755-X755-171007110524-E4H4_BZDET?xid=QmhvcGFsIFJlc3RhdXJhbnRz,11:00 am - 11:30 pm
Tandoori Non Veg Restaurant,"75 -B, Near Chetak Bridge, Kasturba Nagar, Bhopal - 462024, Beside Galaxy Gym (Map)",3.5,-9152650554,2,https://www.justdial.com/Bhopal/Tandoori-Non-Veg-Restaurant-Beside-Galaxy-Gym-Kasturba-Nagar/0755PX755-X755-171018172802-M5L3_BZDET?xid=QmhvcGFsIFJlc3RhdXJhbnRz,08:00 am - 10:00 pm
Amrit Da Dhaba,"House No 111, Ashoka Garden, Bhopal - 462023, Old Ashoka Garden In Front Of Hotel Maanpreet (Map)",4.7,-9152956242,16,https://www.justdial.com/Bhopal/Amrit-Da-Dhaba-Old-Ashoka-Garden-In-Front-Of-Hotel-Maanpreet-Ashoka-Garden/0755PX755-X755-170918131148-E1P9_BZDET?xid=QmhvcGFsIFJlc3RhdXJhbnRz,10:30 am - 11:00 pm
Andhra Mirchi,"E-8 Near Aura Mall, Arera Colony, Gulmohar Colony, Bhopal - 462039, Beside Canara Bank (Map)",3.8,-9152658685,4,https://www.justdial.com/Bhopal/Andhra-Mirchi-Beside-Canara-Bank-Gulmohar-Colony/0755PX755-X755-171122215206-D9J5_BZDET?xid=QmhvcGFsIFJlc3RhdXJhbnRz,07:00 am - 11:00 pm
Rural Taste,"Plot No A-01, Mahakali Society, Trilanga, Bhopal - 462039, Opposite Aura Mall (Map)",4.9,-9152926560,4,https://www.justdial.com/Bhopal/Rural-Taste-Opposite-Aura-Mall-Trilanga/0755PX755-X755-171203175935-E6J4_BZDET?xid=QmhvcGFsIFJlc3RhdXJhbnRz,03:00 pm - 11:30 pm
Bhai Bhai Biryani,"Mandakni Square Infront Of Earning Point Complex, Kolar Road, Bhopal - 462042, Near DDX Cinema, Beside Agrawal Sarees (Map)",4.8,-9152862266,22,https://www.justdial.com/Bhopal/Bhai-Bhai-Biryani-Near-DDX-Cinema-Beside-Agrawal-Sarees-Kolar-Road/0755PX755-X755-180217145754-I1P5_BZDET?xid=QmhvcGFsIFJlc3RhdXJhbnRz,11:00 am - 11:30 pm
Naveens Bapu Ki Kutia,"STC PALM SQAURE, Lalghati Chouraha, Lalghati, Bhopal - 462030, Above Axis Bank (Map)",3,-9152809444,4,https://www.justdial.com/Bhopal/Naveens-Bapu-Ki-Kutia-Above-Axis-Bank-Lalghati/0755PX755-X755-180221115339-M2S7_BZDET?xid=QmhvcGFsIFJlc3RhdXJhbnRz,10:30 am - 11:00 pm
Hotel Awadh Restaurant,"Ayodhya Bypass Road, Ayodhya Nagar, Bhopal - 462041, Opposite Gate No 3 Minal Residency (Map)",4.3,-9152635394,6,https://www.justdial.com/Bhopal/Hotel-Awadh-Restaurant-Opposite-Gate-No-3-Minal-Residency-Ayodhya-Nagar/0755PX755-X755-170810195330-M4V6_BZDET?xid=QmhvcGFsIFJlc3RhdXJhbnRz,12:00 am - 12:00 am
Madina Restaurant,"94, Gayatri Nagar, 120 Ft. Main Road, BHEL, Bhopal - 462022, Near Nizamuddin Colony (Map)",5,-9152955300,3,https://www.justdial.com/Bhopal/Madina-Restaurant-Near-Nizamuddin-Colony-BHEL/0755PX755-X755-180125203243-T7G3_BZDET?xid=QmhvcGFsIFJlc3RhdXJhbnRz,10:30 am - 11:30 pm
Hotel The Kanha Castle,"223 A, Mp Nagar, M P Nagar, Bhopal - 462011, Zone 1 (Map)",5,-9152927703,18,https://www.justdial.com/Bhopal/Hotel-The-Kanha-Castle-Zone-1-M-P-Nagar/0755PX755-X755-180119163919-Q5I7_BZDET?xid=QmhvcGFsIFJlc3RhdXJhbnRz,Open 24 Hrs
Dangi Da Family Dhaba,"Bhojpur Road, Bangrasia, Bhopal - 462045, Opposite Bharat Petroleum (Map)",5,-9152707619,1,https://www.justdial.com/Bhopal/Dangi-Da-Family-Dhaba-Opposite-Bharat-Petroleum-Bangrasia/0755PX755-X755-180117155607-A4C2_BZDET?xid=QmhvcGFsIFJlc3RhdXJhbnRz,09:00 am - 11:30 pm
Make My Day,"Plot No. 85 Shop No. 1, C Sector, Indrapuri, Bhopal - 462023, Near Impulse Classes (Map)",5,-9152367723,4,https://www.justdial.com/Bhopal/Make-My-Day-Near-Impulse-Classes-Indrapuri/0755PX755-X755-180605172039-P4E4_BZDET?xid=QmhvcGFsIFJlc3RhdXJhbnRz,08:00 am - 10:30 pm
GUPTA JI PURE VEG Restauran..,"Plot NO.90, Ground Floor, Mp Nagar Road, M P Nagar, Bhopal - 462011, Near Raymond Showroom (Map)",4.6,-9152801345,21,https://www.justdial.com/Bhopal/GUPTA-JI-PURE-VEG-Restaurant-Near-Raymond-Showroom-M-P-Nagar/0755PX755-X755-170320123155-A3W6_BZDET?xid=QmhvcGFsIFJlc3RhdXJhbnRz,11:00 am - 11:00 pm
Yuvraj Dhaba,"Shop No-2, Ayodhya Bypass Road, Ayodhya Nagar, Bhopal - 462041, Opp Sagar Estate, (Map)",4.4,-9152689146,8,https://www.justdial.com/Bhopal/Yuvraj-Dhaba-Opp-Sagar-Estate-Ayodhya-Nagar/0755PX755-X755-180115182801-D7U3_BZDET?xid=QmhvcGFsIFJlc3RhdXJhbnRz,10:30 am - 11:30 pm
Shree Swad,"Shop No.1 Earing Point, Mandakini Square, Kolar Road, Bhopal - 462042, Opp. Drishti Plaza (Map)",4.6,-9152650550,5,https://www.justdial.com/Bhopal/Shree-Swad-Opp-Drishti-Plaza-Kolar-Road/0755PX755-X755-170816130701-Q7E1_BZDET?xid=QmhvcGFsIFJlc3RhdXJhbnRz,11:00 am - 11:00 pm
Hungers Stop,"Shop No-8, Airport Bypass Road, Gandhinagar, Bhopal - 462036, Asharam Choraha (Map)",4.3,-9152804315,2,https://www.justdial.com/Bhopal/Hungers-Stop-Asharam-Choraha-Gandhinagar/0755PX755-X755-180111154330-E5B7_BZDET?xid=QmhvcGFsIFJlc3RhdXJhbnRz,08:00 am - 10:00 pm
Bhoj Inn Restaurant - On D ..,"STC Palm Square Building, Airport Road, Lalghati, Bhopal - 462030, Above Axis Bank (Map)",4.2,-9152564239,82,https://www.justdial.com/Bhopal/Bhoj-Inn-Restaurant-On-D-Rocks-Above-Axis-Bank-Lalghati/0755PX755-X755-120712131031-T5E2_BZDET?xid=QmhvcGFsIFJlc3RhdXJhbnRz,11:30 am - 11:00 pm
Food Craft Restaurant,"Plot No 8, Mandakani Society, Kolar Road, Bhopal - 462042, Near Bank Of Maharashtra (Map)",4,-9152485848,130,https://www.justdial.com/Bhopal/Food-Craft-Restaurant-Near-Bank-Of-Maharashtra-Kolar-Road/0755P755STD2700367_BZDET?xid=QmhvcGFsIFJlc3RhdXJhbnRz,09:00 am - 11:00 pm
The Urban Grill,"Shop No 5, Sahyog Tower, Aura Mall Road, Gulmohar Colony, Bhopal - 462039, Trilanga Tiraha, Opp Makhanlal University (Map)",4.2,-9152444307,10,https://www.justdial.com/Bhopal/The-Urban-Grill-Trilanga-Tiraha-Opp-Makhanlal-University-Gulmohar-Colony/0755PX755-X755-161207115327-E6W6_BZDET?xid=QmhvcGFsIFJlc3RhdXJhbnRz,07:00 pm - 11:00 pm
Hakeem Hotel,"Shop No 4 A, 5 B, Tt Nagar Road, T T Nagar, Bhopal - 462003, Behind Jama Masjid (Map)",4.2,-9152549029,281,https://www.justdial.com/Bhopal/Hakeem-Hotel-Behind-Jama-Masjid-T-T-Nagar/0755P755STD20025_BZDET?xid=QmhvcGFsIFJlc3RhdXJhbnRz,11:00 am - 10:30 pm
Qrawcity The Lounge & Resta..,"Plot No. 96/114 Johri Regency, Birla Mandir Road, New Market, Bhopal - 462003, In Front Of Top N Town (Map)",4.8,-9152862154,10,https://www.justdial.com/Bhopal/Qrawcity-The-Lounge-Restaurant-In-Front-Of-Top-N-Town-New-Market/0755PX755-X755-170609111005-T2M4_BZDET?xid=QmhvcGFsIFJlc3RhdXJhbnRz,11:00 am - 11:30 pm
Gandhidham Restaurant,"Shop no. 3, Roshanpura Square Road, Tt Nagar, Bhopal - 462003, Near Raj Bhawan (Map)",4.3,-9152578796,8,https://www.justdial.com/Bhopal/Gandhidham-Restaurant-Near-Raj-Bhawan-Tt-Nagar/0755PX755-X755-130424110452-W3I7_BZDET?xid=QmhvcGFsIFJlc3RhdXJhbnRz,09:30 am - 10:00 pm
Sagar Bhojnalaya,"Shop No: 10, 11, Banjari Square, Kolar Road, Bhopal - 462042, BGS Honda Kolar (Map)",5,-9152819020,3,https://www.justdial.com/Bhopal/Sagar-Bhojnalaya-BGS-Honda-Kolar-Kolar-Road/0755PX755-X755-170711150926-A8L9_BZDET?xid=QmhvcGFsIFJlc3RhdXJhbnRz,11:00 am - 11:00 pm
Delicious Time,"Plot No 45, Shop No L 3, S K Plaza Banjari Housing Society, Kolar Road, Bhopal - 462042, Near Beema Kunj (Map)",5,-9152847707,1,https://www.justdial.com/Bhopal/Delicious-Time-Near-Beema-Kunj-Kolar-Road/0755PX755-X755-180530191138-T8A2_BZDET?xid=QmhvcGFsIFJlc3RhdXJhbnRz,12:00 pm - 11:00 pm
Jail Kaid Khana Restaurant,"Sharwdharam Shaadi Hall, Banjari Chouraha, Kolar Road, Bhopal - 462042, Near BGS Honda Showroom (Map)",4.6,-9152967223,9,https://www.justdial.com/Bhopal/Jail-Kaid-Khana-Restaurant-Near-BGS-Honda-Showroom-Kolar-Road/0755PX755-X755-180112181607-B9H2_BZDET?xid=QmhvcGFsIFJlc3RhdXJhbnRz,11:00 am - 11:00 pm
Angara Restaurant,"Plot No 166, M P Nagar, Bhopal - 462011, Zone 2,Near Andra Bank,Mahindra Coaching Lane (Map)",4.3,-9152635395,2,https://www.justdial.com/Bhopal/Angara-Restaurant-Zone-2-Near-Andra-Bank-Mahindra-Coaching-Lane-M-P-Nagar/0755PX755-X755-170818185909-J1J1_BZDET?xid=QmhvcGFsIFJlc3RhdXJhbnRz,10:00 am - 11:00 pm
Parv Fastfood & Restaurant,"Shop No.188, M P Nagar, Bhopal - 462011, Near Milan Sweets (Map)",4.3,-9152669275,19,https://www.justdial.com/Bhopal/Parv-Fastfood-Restaurant-Near-Milan-Sweets-M-P-Nagar/0755PX755-X755-160913163253-G3H9_BZDET?xid=QmhvcGFsIFJlc3RhdXJhbnRz,09:00 am - 11:00 pm
Menu Cafe Restaurant,"G/2 -219 First Floor Gulmohar, Gulmohar Colony, Bhopal - 462039, Opposite Savoy Complex",4.7,-9152688101,61,https://www.justdial.com/Bhopal/Menu-Cafe-Restaurant-Opposite-Savoy-Complex-Gulmohar-Colony/0755PX755-X755-180607164025-Y6M9_BZDET?xid=QmhvcGFsIFJlc3RhdXJhbnRz,10:00 am - 11:30 pm
The Tropical Trunk,"Block B, Balaji Nagar, Narela Shankari, Ayodhya Nagar, Bhopal - 462041, Besides Shravan Kaanta Marriage Garden (Map)",3.5,-9152826081,2,https://www.justdial.com/Bhopal/The-Tropical-Trunk-Besides-Shravan-Kaanta-Marriage-Garden-Ayodhya-Nagar/0755PX755-X755-180522204017-W4P4_BZDET?xid=QmhvcGFsIFJlc3RhdXJhbnRz,11:00 am - 11:00 pm
Naivaidyam Restaurant,"Plot No 182, Zone 1, M P Nagar, Bhopal - 462011, Near Milan Sweets (Map)",4.5,-9152650522,5,https://www.justdial.com/Bhopal/Naivaidyam-Restaurant-Near-Milan-Sweets-M-P-Nagar/0755PX755-X755-160624170450-N2Z5_BZDET?xid=QmhvcGFsIFJlc3RhdXJhbnRz,09:00 am - 11:00 pm
Cafe Egg N I,"Shop No. 216, Raisen Road, Indrapuri, Bhopal - 462023, Near Gourav Dairy (Map)",5,-9152820893,1,https://www.justdial.com/Bhopal/Cafe-Egg-N-I-Near-Gourav-Dairy-Indrapuri/0755PX755-X755-180223193218-N8E5_BZDET?xid=QmhvcGFsIFJlc3RhdXJhbnRz,08:30 am - 11:00 pm
Sharma Fast Food Corner,"L15, Earning Point, Colony Road, Kolar Road, Bhopal - 462042, Near Bata Showroom,Opposite DDX Cinemas (Map)",3.5,-9152523726,12,https://www.justdial.com/Bhopal/Sharma-Fast-Food-Corner-Near-Bata-Showroom-Opposite-DDX-Cinemas-Kolar-Road/0755PX755-X755-161216124816-H1B7_BZDET?xid=QmhvcGFsIFJlc3RhdXJhbnRz,11:00 am - 11:00 pm
Shree Chingara Family Resta..,"Plot No 152, Zone-1, M P Nagar, Bhopal - 462011, Behind Axis Bank (Map)",4.1,-9152664006,7,https://www.justdial.com/Bhopal/Shree-Chingara-Family-Restaurant-Behind-Axis-Bank-M-P-Nagar/0755PX755-X755-161123144507-Z2D6_BZDET?xid=QmhvcGFsIFJlc3RhdXJhbnRz,11:00 am - 10:30 pm
Khan Chacha Restaurant,"42 C Basement 1, Masjid Road, Indrapuri, Bhopal - 462023, Near Aman Trader (Map)",4.8,-9152958592,5,https://www.justdial.com/Bhopal/Khan-Chacha-Restaurant-Near-Aman-Trader-Indrapuri/0755PX755-X755-180116131727-F8P2_BZDET?xid=QmhvcGFsIFJlc3RhdXJhbnRz,11:00 am - 11:00 pm
Zaika Hakeem,"Shop No-11, 12, 17, 18, Ayodhya Bypaas Road, Piplani, Bhopal - 462022, Aapurti Super Bazar (Map)",4,-9152658672,3,https://www.justdial.com/Bhopal/Zaika-Hakeem-Aapurti-Super-Bazar-Piplani/0755PX755-X755-170812133805-D9P4_BZDET?xid=QmhvcGFsIFJlc3RhdXJhbnRz,10:00 am - 11:00 pm
Ajs CAFE,"Shop No-4, Mp Nagar Road, M P Nagar, Bhopal - 462011, Near Time (Map)",4.8,-9152657375,2,https://www.justdial.com/Bhopal/Ajs-CAFE-Near-Time-M-P-Nagar/0755PX755-X755-170928124238-N6I8_BZDET?xid=QmhvcGFsIFJlc3RhdXJhbnRz,10:30 am - 11:00 pm
Amer Bakery Hut,"Tarun Prakash Swimming Pool Campus, Link Road No 1, New Market, Bhopal - 462003, Opposite Arera Club (Map)",4,-9152523681,32,https://www.justdial.com/Bhopal/Amer-Bakery-Hut-Opposite-Arera-Club-New-Market/0755PX755-X755-140807163037-N7C6_BZDET?xid=QmhvcGFsIFJlc3RhdXJhbnRz,11:00 am - 11:00 pm
Mohan Bhai Chicken And Chin..,"Plot No- I-3, Ground Floor Sharvodhar Shadi Hall, Bajari, Kolar Road, Bhopal - 462042, Near Milan Sweet (Map)",4.6,-9152751268,4,https://www.justdial.com/Bhopal/Mohan-Bhai-Chicken-And-Chinese-Fastfood-Near-Milan-Sweet-Kolar-Road/0755PX755-X755-171204141300-H7V3_BZDET?xid=QmhvcGFsIFJlc3RhdXJhbnRz,12:00 pm - 10:30 pm
New Zam Zam Restaurant,"86-A, Main Road, Awadhpuri Square, Awadhpuri, Bhopal - 462022, Near Ondoor (Map)",4.3,-9152842080,22,https://www.justdial.com/Bhopal/New-Zam-Zam-Restaurant-Near-Ondoor-Awadhpuri/0755PX755-X755-160804155948-Z9P6_BZDET?xid=QmhvcGFsIFJlc3RhdXJhbnRz,11:00 am - 11:00 pm
Hyderabadi Bawarchi Bhopal,"191, Phase -2 E-8 Extension, Gulmohar Colony, Bhopal - 462039, Near ECo Aakriti City Gate (Map)",3.5,-9152900098,7,https://www.justdial.com/Bhopal/Hyderabadi-Bawarchi-Bhopal-Near-ECo-Aakriti-City-Gate-Gulmohar-Colony/0755PX755-X755-180212105203-N4E9_BZDET?xid=QmhvcGFsIFJlc3RhdXJhbnRz,08:00 am - 11:30 pm
Ganesh Chinese Fast Food C..,"Shop No 3, V D Nayar Complex, Mahabali Nagar, Kolar Road, Bhopal - 462042, Mahabali (Map)",4.2,-9152680952,11,https://www.justdial.com/bhopal/Ganesh-Chinese-Fast-Food-Centre-Mahabali-Kolar-Road/0755PX755-X755-151130070937-T6D9_BZDET?xid=QmhvcGFsIFJlc3RhdXJhbnRz,10:30 am - 10:30 pm
Mamaji Jalebi Wale,"Shop Number 8&9, Lakherapura Road, Lakherapura, Bhopal - 462001, Sarafa chouk (Map)",4,-9152608115,4,https://www.justdial.com/Bhopal/Mamaji-Jalebi-Wale-Sarafa-chouk-Lakherapura/0755PX755-X755-110321170338-W2A3_BZDET?xid=QmhvcGFsIFJlc3RhdXJhbnRz,08:00 am - 11:00 pm
Hotel Sarthak,"37 Malviya Nagar, New Market, Bhopal - 462003 (Map)",4,-9152681962,188,https://www.justdial.com/Bhopal/Hotel-Sarthak-New-Market/0755P755STDG000079_BZDET?xid=QmhvcGFsIFJlc3RhdXJhbnRz,Open 24 Hrs
Manglam Caterers And Event ..,"BM -100, Neharu Nagar Square., Nehru Nagar, Bhopal - 462003, Opposite Sai Temple (Map)",4,-9152574317,5,https://www.justdial.com/Bhopal/Manglam-Caterers-And-Event-Services-(Sweets-And-Restaurant)-Opposite-Sai-Temple-Nehru-Nagar/0755PX755-X755-110217224938-T3J2_BZDET?xid=QmhvcGFsIFJlc3RhdXJhbnRz,07:00 am - 11:00 pm
Ikka Cafe & Lounge Bar,"Shop No 1 & 2, S K Plaza, Kolar Road, Bhopal - 462042, Near Quality Homes, Bima Kunj (Map)",5,-9152635351,2,https://www.justdial.com/Bhopal/Ikka-Cafe-Lounge-Bar-Near-Quality-Homes-Bima-Kunj-Kolar-Road/0755PX755-X755-160524143345-L1R7_BZDET?xid=QmhvcGFsIFJlc3RhdXJhbnRz,10:00 am - 11:00 pm
Naveens Bapu Ki Kutia,"Shop No.13/17, First Floor, Amaltas Green Height, Gulmohar, Trilanga, Bhopal - 462039, Near Aura Mall (Map)",4.1,-9152829072,37,https://www.justdial.com/Bhopal/Naveens-Bapu-Ki-Kutia-Near-Aura-Mall-Trilanga/0755PX755-X755-170106121312-Y1U1_BZDET?xid=QmhvcGFsIFJlc3RhdXJhbnRz,09:00 am - 11:00 pm
Tirupati Restaurant,"Shop no.B-012(A)-15, Yashoda parisar complex, Kolar Road, Bhopal - 462042, Oposite bima kunj parisar (Map)",4.2,-9152680991,6,https://www.justdial.com/Bhopal/Tirupati-Restaurant-Oposite-bima-kunj-parisar-Kolar-Road/0755PX755-X755-170415135041-D6S6_BZDET?xid=QmhvcGFsIFJlc3RhdXJhbnRz,09:00 am - 10:00 pm
Kampus The Food Court,"M.I.G 1, Narayan Nagar, Bhopal - 462026, Shivani Complex (Map)",5,-9152643157,2,https://www.justdial.com/Bhopal/Kampus-The-Food-Court-Shivani-Complex-Narayan-Nagar/0755PX755-X755-171208152828-D9C6_BZDET?xid=QmhvcGFsIFJlc3RhdXJhbnRz,07:00 am - 11:00 pm
The Urban Cafe,"Shop no 46 b Indra Vihar colony, Airport Road, Air Port, Bhopal - 462030, Near Haj house (Map)",5,-9152635400,3,https://www.justdial.com/Bhopal/The-Urban-Cafe-Near-Haj-house-Air-Port/0755PX755-X755-170926135244-J7G6_BZDET?xid=QmhvcGFsIFJlc3RhdXJhbnRz,11:00 am - 11:00 pm
Apna Kitchen Restaurant Ca..,"B-76 Cristal Tower, Isbt Road, Kasturba Nagar, Bhopal - 462024, Near Chetak Bridge (Map)",4.4,-9152523718,7,https://www.justdial.com/Bhopal/Apna-Kitchen-Restaurant-Cafe-Near-Chetak-Bridge-Kasturba-Nagar/0755PX755-X755-160723150545-F8C1_BZDET?xid=QmhvcGFsIFJlc3RhdXJhbnRz,10:30 am - 09:00 pm
Sanjay Sweet & Restaurant,"Shop No 12, Berasia Road, Karond, Bhopal - 462038, Near Peoples World Mall, Karod Chouraha (Map)",4.2,-9152650468,25,https://www.justdial.com/Bhopal/Sanjay-Sweet-Restaurant-Near-Peoples-World-Mall-Karod-Chouraha-Karond/0755PX755-X755-101013151529-S8E5_BZDET?xid=QmhvcGFsIFJlc3RhdXJhbnRz,none
Naveens Bapu Ki Kutia,"Shop No.13/17, First Floor, Amaltas Green Height, Gulmohar, Trilanga, Bhopal - 462039, Near Aura Mall (Map)",4.1,-9152858039,37,https://www.justdial.com/Bhopal/Naveens-Bapu-Ki-Kutia-Near-Aura-Mall-Trilanga/0755PX755-X755-170106121312-Y1U1_BZDET?xid=QmhvcGFsIFJlc3RhdXJhbnRz,09:00 am - 11:00 pm
Ali Baba Caves,"4th floor, Anandam building, Gulmohar Road, Gulmohar Colony, Bhopal - 462039, Opposite Aura Mall (Map)",4.4,-9152621158,11,https://www.justdial.com/Bhopal/Ali-Baba-Caves-Opposite-Aura-Mall-Gulmohar-Colony/0755PX755-X755-161222182943-M2M1_BZDET?xid=QmhvcGFsIFJlc3RhdXJhbnRz,10:30 am - 11:30 pm
Evening Point Restaurant,"7, Bittan Market, Main Road, Arera Colony, Bhopal - 462016, Below Sales Tax Building (Map)",4.1,-9152589780,53,https://www.justdial.com/Bhopal/Evening-Point-Restaurant-Below-Sales-Tax-Building-Arera-Colony/0755P755STDF000256_BZDET?xid=QmhvcGFsIFJlc3RhdXJhbnRz,12:30 pm - 11:00 pm
Taste Of Punjab,"Hotel Ganpati, Plot No- 256, Zone 2, M P Nagar, Bhopal - 462011, In Front Masarowar Complex",5,-9152431161,2,https://www.justdial.com/Bhopal/Taste-Of-Punjab-In-Front-Masarowar-Complex-M-P-Nagar/0755PX755-X755-180323204010-X5P9_BZDET?xid=QmhvcGFsIFJlc3RhdXJhbnRz,Open 24 Hrs
Agrawals Rajbhog,"R 43, Zone 2, M P Nagar, Bhopal - 462011, Near Railway Track Behind Sargam Cinema (Map)",4.3,-400695,29,https://www.justdial.com/Bhopal/Agrawals-Rajbhog-Near-Railway-Track-Behind-Sargam-Cinema-M-P-Nagar/0755P7480-7480-150711210257-E4S9_BZDET?xid=QmhvcGFsIFJlc3RhdXJhbnRz,11:00 am - 11:00 pm
Amer Bakery Hut,"Shop No 10, Anmol Tower Commercial Complex, Bittan Market, Arera Colony, Bhopal - 462016, Opposite Devika Petrol Pump (Map)",4.3,-9152547965,495,https://www.justdial.com/BHOPAL/Amer-Bakery-Hut-Opposite-Devika-Petrol-Pump-Arera-Colony/0755P755STD5008_BZDET?xid=QmhvcGFsIFJlc3RhdXJhbnRz,09:00 am - 10:30 pm
Hakeems Restaurant,"Hakeem Restaurant, Hoshangabad Road, Misrod, Bhopal - 462026, Aashima Mall, (Map)",4.5,-9152574427,1,https://www.justdial.com/Bhopal/Hakeems-Restaurant-Aashima-Mall-Misrod/0755PX755-X755-170714124950-R1S8_BZDET?xid=QmhvcGFsIFJlc3RhdXJhbnRz,12:00 pm - 11:30 pm
K2 Club & Lounge,"Rooftop Rachna Trade Centre, Chunabhatti Road, Chunabhatti, Bhopal - 462016, Above Reliance Fresh (Map)",3.7,-9152305653,14,https://www.justdial.com/Bhopal/K2-Club-Lounge-Above-Reliance-Fresh-Chunabhatti/0755PX755-X755-180321142155-W3J6_BZDET?xid=QmhvcGFsIFJlc3RhdXJhbnRz,10:00 am - 11:00 pm
Tilaks Chocolady Bakery & R..,"Plot Number-2, Trilochan Nagar, Trilanga, Bhopal - 462039, Near Bank Of Baroda (Map)",4.8,-9152574414,7,https://www.justdial.com/Bhopal/Tilaks-Chocolady-Bakery-Restaurant-Near-Bank-Of-Baroda-Trilanga/0755PX755-X755-170504202907-V4F7_BZDET?xid=QmhvcGFsIFJlc3RhdXJhbnRz,11:00 am - 11:00 pm
Daawat Restaurant,"Hotel Tilak R-85 Obedulaganj Road, Zone 2, M P Nagar, Bhopal - 462011, Opposite Railway Line (Map)",4.6,-9152658658,23,https://www.justdial.com/Bhopal/Daawat-Restaurant-Opposite-Railway-Line-M-P-Nagar/0755PX755-X755-170517010604-F3H5_BZDET?xid=QmhvcGFsIFJlc3RhdXJhbnRz,Open 24 Hrs
The Highway Kitchen,"KRV Tower 393/1, Houshangabad Road, Danish Nagar, Bagh Swaniya, Bhopal - 462026, Near Ashima Mall (Map)",5,-9152949085,10,https://www.justdial.com/Bhopal/The-Highway-Kitchen-Near-Ashima-Mall-Bagh-Swaniya/0755PX755-X755-170925033503-F7A2_BZDET?xid=QmhvcGFsIFJlc3RhdXJhbnRz,10:00 am - 11:30 pm
The Nest Restaurant,"The Nest Aakriti Ecocity, E-8, Extension, Bawadia Kalan, Bhopal - 462026, In Front of Aakriti Corporate Office (Map)",4.7,-9152646187,9,https://www.justdial.com/Bhopal/The-Nest-Restaurant-In-Front-of-Aakriti-Corporate-Office-Bawadia-Kalan/0755PX755-X755-170712135155-N4U8_BZDET?xid=QmhvcGFsIFJlc3RhdXJhbnRz,09:00 am - 11:00 pm
Bake N Shake Coffee Pub & B..,"Rang Mahal Cinema Complex, T T Nagar, New Market, Bhopal - 462003 (Map)",4,-9152856965,69,https://www.justdial.com/Bhopal/Bake-N-Shake-Coffee-Pub-Bakary-Shoppe-New-Market/0755PX755-X755-130624103112-C8E6_BZDET?xid=QmhvcGFsIFJlc3RhdXJhbnRz,10:00 am - 11:00 pm
Mandir Bhog,"Main Road, Bagh Swaniya, Bhopal - 462026, Near Virndavan Dhaba In Front Of Ashima Mall (Map)",4.3,-9152625790,22,https://www.justdial.com/Bhopal/Mandir-Bhog-Near-Virndavan-Dhaba-In-Front-Of-Ashima-Mall-Bagh-Swaniya/0755PX755-X755-161102184915-W2Y5_BZDET?xid=QmhvcGFsIFJlc3RhdXJhbnRz,11:30 am - 11:30 pm
Cafe Hidden Paradise,"Shop No. 4 Amaltas Regency, Trilanga Road, Trilanga, Bhopal - 462039, Near Aura Mall (Map)",5,-9152621198,4,https://www.justdial.com/Bhopal/Cafe-Hidden-Paradise-Near-Aura-Mall-Trilanga/0755PX755-X755-171006080740-P8B8_BZDET?xid=QmhvcGFsIFJlc3RhdXJhbnRz,10:00 am - 11:00 pm
Sagar Gaire Fast Food Corne..,"Shop No 33/34, Ground Floor, Platinum Plaza, Tt Nagar, Bhopal - 462003, Near Mata Mandir ,T T Nagar Stadiaam (Map)",4.1,-9152913020,32,https://www.justdial.com/Bhopal/Sagar-Gaire-Fast-Food-Corner-Near-Mata-Mandir-T-T-Nagar-Stadiaam-Tt-Nagar/0755PX755-X755-160519101700-D1P8_BZDET?xid=QmhvcGFsIFJlc3RhdXJhbnRz,11:00 am - 11:00 pm
Murga On Wheels,"Kasturba hospital road, Habibganj, Bhopal - 462024, In Front of Kasturba hospital (Map)",4.9,-9152602686,7,https://www.justdial.com/Bhopal/Murga-On-Wheels-In-Front-of-Kasturba-hospital-Habibganj/0755PX755-X755-170113095658-V6F2_BZDET?xid=QmhvcGFsIFJlc3RhdXJhbnRz,12:00 pm - 11:30 pm
Murga On Wheels,"Kasturba hospital road, Habibganj, Bhopal - 462024, In Front of Kasturba hospital (Map)",4.9,-9152849183,7,https://www.justdial.com/Bhopal/Murga-On-Wheels-In-Front-of-Kasturba-hospital-Habibganj/0755PX755-X755-170113095658-V6F2_BZDET?xid=QmhvcGFsIFJlc3RhdXJhbnRz,12:00 pm - 11:30 pm
Bapu Ki Kutia,"Rajbhavan Road, Tt Nagar, Bhopal - 462003, Roashanpura Naka (Map)",4.1,-422748,388,https://www.justdial.com/Bhopal/Bapu-Ki-Kutia-Roashanpura-Naka-Tt-Nagar/0755PX755-X755-110215204545-T9F6_BZDET?xid=QmhvcGFsIFJlc3RhdXJhbnRz,10:00 am - 11:00 pm
Rice Bowl,"4/B Mezzanine Floor, A Block, Mansarovar Complex, Habib Ganj Railway Station, Bhopal - 462016, Near Habibganj Station (Map)",4.2,-428052,319,https://www.justdial.com/BHOPAL/Rice-Bowl-Near-Habibganj-Station-Habib-Ganj-Railway-Station/0755P755STD17416_BZDET?xid=QmhvcGFsIFJlc3RhdXJhbnRz,12:00 pm - 11:00 pm
Hakeems Restaurant,"No E/5, CPA Building, Arera Colony, Bittan Market, Bhopal - 462003, Near Habibganj Police Station (Map)",4.1,-425882,317,https://www.justdial.com/BHOPAL/Hakeems-Restaurant-Near-Habibganj-Police-Station-Bittan-Market/0755P755STD20024_BZDET?xid=QmhvcGFsIFJlc3RhdXJhbnRz,11:00 am - 10:30 pm
10 Downing Street,"3rd Floor, Db City Mall, Arera Hills, Bhopal - 462011 (Map)",4.1,-252085,268,https://www.justdial.com/Bhopal/10-Downing-Street-Arera-Hills/0755PX755-X755-110620101523-L9R8_BZDET?xid=QmhvcGFsIFJlc3RhdXJhbnRz,12:00 pm - 10:30 pm
Milan Restaurant,"189, M P Nagar, Bhopal - 462011, Zone I (Map)",4,-258308,247,https://www.justdial.com/BHOPAL/Milan-Restaurant-Zone-I-M-P-Nagar/0755P755STD20041_BZDET?xid=QmhvcGFsIFJlc3RhdXJhbnRz,08:00 am - 11:00 pm
Vrindavan Dhaba,"Hoshangabad Road, Misrod, Bhopal - 462026, Ganesh Nagar, Near Ashima Mall, Opposite Chinar Fortune City (Map)",4,-9039422460,210,https://www.justdial.com/Bhopal/Vrindavan-Dhaba-Ganesh-Nagar-Near-Ashima-Mall-Opposite-Chinar-Fortune-City-Misrod/0755P755STD2600040_BZDET?xid=QmhvcGFsIFJlc3RhdXJhbnRz,11:00 am - 11:00 pm
Wind N Waves Restaurant,"Lake Drive Road, Van Vihar Road, Bhopal - 462002, Upper Lake (Map)",4.1,-266816,200,https://www.justdial.com/BHOPAL/Wind-N-Waves-Restaurant-Upper-Lake-Van-Vihar-Road/0755P755STD4614_BZDET?xid=QmhvcGFsIFJlc3RhdXJhbnRz,11:00 am - 11:00 pm
Hongkong Chinese Restaurant,"Building No 131/4, Mp Nagar Road, M P Nagar, Bhopal - 462011, Zone II, Near Pragati Petrol Pump (Map)",4.1,-427854,196,https://www.justdial.com/Bhopal/Hongkong-Chinese-Restaurant-Zone-II-Near-Pragati-Petrol-Pump-M-P-Nagar/0755P755STD709156_BZDET?xid=QmhvcGFsIFJlc3RhdXJhbnRz,11:00 am - 11:00 pm
Cafe Coffee Day,"Jal Tarang Building, Van Vihar Road, Bhopal - 462002, Lake Conservation Boat Club, Bada Talab, Next to Chief Minister Bunglow (Map)",4.3,-305220,179,https://www.justdial.com/Bhopal/Cafe-Coffee-Day-Lake-Conservation-Boat-Club-Bada-Talab-Next-to-Chief-Minister-Bunglow-Van-Vihar-Road/0755P7480-7480-110201104346-U5L7_BZDET?xid=QmhvcGFsIFJlc3RhdXJhbnRz,09:00 am - 11:30 pm
Filfora Restaurant,"18, Bda Colony, Kohe Fiza, Bhopal - 462001, Opposite Kohe Fiza Hospital (Map)",4.1,-426356,138,https://www.justdial.com/BHOPAL/Filfora-Restaurant-Opposite-Kohe-Fiza-Hospital-Kohe-Fiza/0755P755STD90870_BZDET?xid=QmhvcGFsIFJlc3RhdXJhbnRz,11:00 am - 11:00 pm
Manohar Dairy & Restaurant,"132, Zone I, M P Nagar, Bhopal - 462011, Near Citi Bank & Jyoti Cineplex (Map)",4.3,-404704,135,https://www.justdial.com/Bhopal/Manohar-Dairy-Restaurant-Near-Citi-Bank-Jyoti-Cineplex-M-P-Nagar/0755PX755-X755-140825161141-C5L9_BZDET?xid=QmhvcGFsIFJlc3RhdXJhbnRz,08:00 am - 10:30 pm
Lazeez Hakeem Hotel,"E-3/43, Arera Colony, Bhopal - 462016, 10 No Market, Between 10 & 11 No Stop (Map)",4.1,-425883,128,https://www.justdial.com/Bhopal/Lazeez-Hakeem-Hotel-10-No-Market-Between-10-11-No-Stop-Arera-Colony/0755PX755-X755-110325200053-E1Q2_BZDET?xid=QmhvcGFsIFJlc3RhdXJhbnRz,11:00 am - 03:00 pm 07:00 pm - 11:00 pm
Rice Bowl Thai & Chinese Re..,"Plot No 129, Raj Complex, Arera Colony, Bhopal - 462016, Near SBI Board, 11 No Stop (Map)",3.9,-257543,110,https://www.justdial.com/BHOPAL/Rice-Bowl-Thai-Chinese-Restaurant-Near-SBI-Board-11-No-Stop-Arera-Colony/0755P755STD90571_BZDET?xid=QmhvcGFsIFJlc3RhdXJhbnRz,11:00 am - 03:00 pm 06:00 pm - 11:00 pm
Pind Balluchi,"R 6, 3rd Floor, D B City Mall, M P Nagar, Bhopal - 462011, Near Board Office (Map)",4,-665074,108,https://www.justdial.com/Bhopal/Pind-Balluchi-Near-Board-Office-M-P-Nagar/0755PX755-X755-110125121706-Z3A9_BZDET?xid=QmhvcGFsIFJlc3RhdXJhbnRz,11:00 am - 11:00 pm
Time Out,"C/O Jain`s Hotel Rajhans, Plot No 268, M P Nagar, Bhopal - 462011, Zone 2, Near Sargam Talkies (Map)",4.1,-256646,106,https://www.justdial.com/BHOPAL/Time-Out-Zone-2-Near-Sargam-Talkies-M-P-Nagar/0755P755STD17207_BZDET?xid=QmhvcGFsIFJlc3RhdXJhbnRz,11:00 am - 11:00 pm
Arya Bhawan Restaurant,"Shop No 231, Chinar House, M P Nagar, Bhopal - 462011, Behind Sargam Cinema, Zone II (Map)",4.1,-427826,102,https://www.justdial.com/Bhopal/Arya-Bhawan-Restaurant-Behind-Sargam-Cinema-Zone-II-M-P-Nagar/0755PX755-X755-110616094708-E5Y5_BZDET?xid=QmhvcGFsIFJlc3RhdXJhbnRz,11:00 am - 11:00 pm
Lazeez Hakeem,"187/A, Zone 1, M P Nagar, Bhopal - 462011, Near D B Mall (Map)",4.1,-422886,98,https://www.justdial.com/bhopal/Lazeez-Hakeem-Near-D-B-Mall-M-P-Nagar/0755PX755-X755-130108130634-K4I6_BZDET?xid=QmhvcGFsIFJlc3RhdXJhbnRz,none
Padharosa Cuisine Restauran..,"1 & 2, Ground Floor, Mansarovar Complex, Habibganj Road, Habibganj Road, Bhopal - 462016, Opposite Habibganj Railway Station (Map)",4,-429609,93,https://www.justdial.com/BHOPAL/Padharosa-Cuisine-Restaurant-Opposite-Habibganj-Railway-Station-Habibganj-Road/0755PX755-X755-120921173713-K6X4_BZDET?xid=QmhvcGFsIFJlc3RhdXJhbnRz,none
Gossip Restaurant,"241/42, Dynamic Center, M P Nagar, Bhopal - 462011, Opposite Db City Mall, Zone 1 (Map)",3.8,-426926,88,https://www.justdial.com/Bhopal/Gossip-Restaurant-Opposite-Db-City-Mall-Zone-1-M-P-Nagar/0755PX755-X755-120220161913-E2E8_BZDET?xid=QmhvcGFsIFJlc3RhdXJhbnRz,11:00 am - 11:00 pm
Mayuri Restaurant,"42, Amaltas Phase I, Kolar Road, Chunabhatti, Bhopal - 462016, Opposite Bank Of India (Map)",4,-243156,84,https://www.justdial.com/Bhopal/Mayuri-Restaurant-Opposite-Bank-Of-India-Chunabhatti/0755PX755-X755-090627183936-D1W3_BZDET?xid=QmhvcGFsIFJlc3RhdXJhbnRz,11:00 am - 11:00 pm
Tulsi Exotic Hotel,,3.9,-422563,82,https://www.justdial.com/Bhopal/Tulsi-Exotic-Hotel-Zone-II-Near-Sargam-Tokies-M-P-Nagar/0755PX755-X755-101016102320-L3D1_BZDET?xid=QmhvcGFsIFJlc3RhdXJhbnRz,11:00 am - 03:00 pm 07:00 pm - 11:00 pm
Hakeems Restaurant,"Shop No 345, Ultimate Arcade, Lower Ground Floor, Kolar Road, Bhopal - 462042, Near Vishal Mega Mart (Map)",3.9,-429334,81,https://www.justdial.com/Bhopal/Hakeems-Restaurant-Near-Vishal-Mega-Mart-Kolar-Road/0755PX755-X755-130707171502-M6S9_BZDET?xid=QmhvcGFsIFJlc3RhdXJhbnRz,11:00 am - 11:00 pm
Indian Coffee House,"Shivaji Nagar, Bhopal - 462016, Opposite Board Office (Map)",4,-427789,75,https://www.justdial.com/BHOPAL/Indian-Coffee-House-Opposite-Board-Office-Shivaji-Nagar/0755P755STD4000191_BZDET?xid=QmhvcGFsIFJlc3RhdXJhbnRz,Open 24 Hrs
Shan E Bhopal Rail Restaura..,,4.4,-266744,72,https://www.justdial.com/Bhopal/Shan-E-Bhopal-Rail-Restaurant-Opposite-Doordarshan-Premises-Shamla-Hills/0755PX755-X755-000536106608-P6O8_BZDET?xid=QmhvcGFsIFJlc3RhdXJhbnRz,Open 24 Hrs
Arya Bhawan Sweet Shop,"231, Chinar House, M P Nagar, Bhopal - 462011, Behind Sargam Cinema,Zone II (Map)",4.2,-427826,71,https://www.justdial.com/BHOPAL/Arya-Bhawan-Sweet-Shop-Behind-Sargam-Cinema-Zone-II-M-P-Nagar/0755P755STD703928_BZDET?xid=QmhvcGFsIFJlc3RhdXJhbnRz,09:00 am - 10:30 pm
Pizza In,"Kilol Park, Kamla Park Road, Bhopal - 462001, Opp Kilol Park Petrol Pump, Near Danish Ice Cream Parlour, (Map)",3.7,-9893298447,71,https://www.justdial.com/Bhopal/Pizza-In-Opp-Kilol-Park-Petrol-Pump-Near-Danish-Ice-Cream-Parlour-/0755PX755-X755-091028234430-M2H3_BZDET?xid=QmhvcGFsIFJlc3RhdXJhbnRz,09:30 am - 11:00 pm
Rush N Bite,"C/O Platform No 1, Food Plaza, Aish Bagh, Bhopal - 462010, Bhopal Main Railway Station, Bajariya Police Station",3.5,-9630084909,70,https://www.justdial.com/Bhopal/Rush-N-Bite-Bhopal-Main-Railway-Station-Bajariya-Police-Station-Aish-Bagh/0755PX755-X755-111019094907-X1B7_BZDET?xid=QmhvcGFsIFJlc3RhdXJhbnRz,06:00 am - 11:00 pm
Rajhans Thali Bhojnalaya,"C/O Jains` Hotel Rajhans`, Plot No. 268, Zone 2, M P Nagar, Bhopal - 462011, Near Sargam Cinema (Map)",4.1,-404004,61,https://www.justdial.com/bhopal/Rajhans-Thali-Bhojnalaya-Near-Sargam-Cinema-M-P-Nagar/0755PX755-X755-130403124841-F3L6_BZDET?xid=QmhvcGFsIFJlc3RhdXJhbnRz,11:00 am - 03:30 pm 06:30 pm - 10:30 pm
Tapti Restaurant,"44, Gtb Complex, Tt Nagar, Bhopal - 462003, Opposite Vivekanand Library,Roshanpura Choraha (Map)",3.9,-256019,61,https://www.justdial.com/BHOPAL/Tapti-Restaurant-Opposite-Vivekanand-Library-Roshanpura-Choraha-Tt-Nagar/0755P755STD17213_BZDET?xid=QmhvcGFsIFJlc3RhdXJhbnRz,11:00 am - 11:00 pm
Golden Oak Restaurant & Bar,"National Highway No 12, Hoshangabad Road, Bhopal - 462011, Opposite Shree Ram Colony",4.1,-250579,60,https://www.justdial.com/Bhopal/Golden-Oak-Restaurant-Bar-Opposite-Shree-Ram-Colony-Hoshangabad-Road/0755PX755-X755-111025100905-Z4Q2_BZDET?xid=QmhvcGFsIFJlc3RhdXJhbnRz,11:00 am - 11:00 pm
Thus Restaurant,"Shymala Hills, Shamla Hills, Bhopal - 462013 (Map)",4,-422842,57,https://www.justdial.com/Bhopal/Thus-Restaurant-Shamla-Hills/0755PX755-X755-171203071417-Z6Y4_BZDET?xid=QmhvcGFsIFJlc3RhdXJhbnRz,Open 24 Hrs
Hotel Sudarshan Palace,,3.6,-427568,57,https://www.justdial.com/Bhopal/Hotel-Sudarshan-Palace-Behind-Sargam-Talkies-M-P-Nagar/0755PX755-X755-130401130014-V2D3_BZDET?xid=QmhvcGFsIFJlc3RhdXJhbnRz,07:00 am - 11:00 pm
Hakeems Restaurant,"Plot No 129, Abdul-abbas, M P Nagar, Bhopal - 462011, Near SBI Bank, Behind Pragati Petrol Pump, Zone-II (Map)",4.1,-423998,53,https://www.justdial.com/Bhopal/Hakeems-Restaurant-Near-SBI-Bank-Behind-Pragati-Petrol-Pump-Zone-II-M-P-Nagar/0755PX755-X755-130826180031-N6H5_BZDET?xid=QmhvcGFsIFJlc3RhdXJhbnRz,11:00 am - 11:00 pm
Dana Pani Restaurant,"Plot No E/8, Arera Colony, Bhopal - 462039, Near Hi Tech City & 12 No Bus Stop (Map)",3.6,-243389,47,https://www.justdial.com/BHOPAL/Dana-Pani-Restaurant-Near-Hi-Tech-City-12-No-Bus-Stop-Arera-Colony/0755P755STD4711_BZDET?xid=QmhvcGFsIFJlc3RhdXJhbnRz,11:00 am - 11:00 pm
Malgudi Hotel And Restauran..,"adampur chavani, raisen road, Raisen Road, Bhopal - 462022, Malgudi Fort, Opposite Ln City College, Adampur,near ion digital zone (Map)",3.8,-9152564228,44,https://www.justdial.com/Bhopal/Malgudi-Hotel-And-Restaurant-Malgudi-Fort-Opposite-Ln-City-College-Adampur-near-ion-digital-zone-Raisen-Road/0755PX755-X755-090421224152-C9K2_BZDET?xid=QmhvcGFsIFJlc3RhdXJhbnRz,11:00 am - 12:00 am
Chi Kitchen,"T-12/13, Food Court, DB City Mall, Hoshangabad Road, M P Nagar, Bhopal - 462011, Board Office,Courty Yard Marrit (Map)",4.2,-665111,43,https://www.justdial.com/bhopal/Chi-Kitchen-Board-Office-Courty-Yard-Marrit-M-P-Nagar/0755PX755-X755-160513140823-J8V5_BZDET?xid=QmhvcGFsIFJlc3RhdXJhbnRz,11:00 am - 11:00 pm
Picnik Pure Veg Family Rest..,"C 1 234 5, Mpsrtc, City Depot, Shopping Complex, Shyamla Hill Road, Jawahar Chowk, Bhopal - 462003, Near Bharat Mata Chauraha (Map)",3.8,-423486,41,https://www.justdial.com/bhopal/Picnik-Pure-Veg-Family-Restaurants-Near-Bharat-Mata-Chauraha-Jawahar-Chowk/0755PX755-X755-130108132132-C8I1_BZDET?xid=QmhvcGFsIFJlc3RhdXJhbnRz,11:00 am - 11:00 pm
Bumchik Restaurant,"31, Raisen Road, Indrapuri, Bhopal - 462023, Opposite Bhel Gate No 1, Sector A (Map)",3.8,-258714,38,https://www.justdial.com/BHOPAL/Bumchik-Restaurant-Opposite-Bhel-Gate-No-1-Sector-A-Indrapuri/0755P755STD709151_BZDET?xid=QmhvcGFsIFJlc3RhdXJhbnRz,11:00 am - 11:00 pm
Angeethi Restaurant,"Kilol Park, Shamla Hills, Bhopal - 462013, Near Petrol Pump (Map)",3.4,-424431,38,https://www.justdial.com/Bhopal/Angeethi-Restaurant-Near-Petrol-Pump-Shamla-Hills/0755PX755-X755-120606180347-C6Y9_BZDET?xid=QmhvcGFsIFJlc3RhdXJhbnRz,11:00 am - 11:00 pm
Spice Ring Restaurant,"E 5, Garden Estate Plaza, Airport Gandhinagar Road, Bhopal - 462003, Near Colonels Corner",4.1,-253471,37,https://www.justdial.com/Bhopal/Spice-Ring-Restaurant-Near-Colonels-Corner/0755PX755-X755-130118114614-V1L7_BZDET?xid=QmhvcGFsIFJlc3RhdXJhbnRz,12:30 pm - 11:00 pm
Windz Cafe & Restaurant,"Roof Top, G M Towers, 10 Number Market, Arera Colony, Bhopal - 462016 (Map)",3.9,-406219,37,https://www.justdial.com/Bhopal/Windz-Cafe-Restaurant-Arera-Colony/0755PX755-X755-121205144217-D5R4_BZDET?xid=QmhvcGFsIFJlc3RhdXJhbnRz,11:00 am - 10:00 pm
Surya Hotel,"Hamidiya Road, Hamidia Road, Bhopal - 462001, Near Sangam Talkies (Map)",4.4,-274834,36,https://www.justdial.com/Bhopal/Surya-Hotel-Near-Sangam-Talkies-Hamidia-Road/0755P755STD703609_BZDET?xid=QmhvcGFsIFJlc3RhdXJhbnRz,Open 24 Hrs
Sharma And Vishnu Fast Food..,"Shop No 6/7/9, Surendra Landmark, Hoshangabad Road, Bhopal - 462011, Near Ashima Mall",4.1,-9111016882,36,https://www.justdial.com/Bhopal/Sharma-And-Vishnu-Fast-Food-Corner-Near-Ashima-Mall-Hoshangabad-Road/0755PX755-X755-160319140149-Q9M1_BZDET?xid=QmhvcGFsIFJlc3RhdXJhbnRz,10:00 am - 10:00 pm
Hotel Kalindi Palace,,3.8,-255670,34,https://www.justdial.com/BHOPAL/Hotel-Kalindi-Palace-Behind-Panchanan-Building-Malviya-Nagar-New-Market/0755P755STD20029_BZDET?xid=QmhvcGFsIFJlc3RhdXJhbnRz,Open 24 Hrs
Subway Restaurant,"Food Court, 3rd Floor, Db City Mall, Arera Colony, Bhopal - 462016, Opposite M P Nagar (Map)",4,-665110,33,https://www.justdial.com/Bhopal/Subway-Restaurant-Opposite-M-P-Nagar-Arera-Colony/0755PX755-X755-130615131354-Z8H5_BZDET?xid=QmhvcGFsIFJlc3RhdXJhbnRz,11:00 am - 11:00 pm
Kwality Restaurant,"Tt Nagar, Bhopal - 462003, New Market (Map)",3.7,-256138,33,https://www.justdial.com/BHOPAL/Kwality-Restaurant-New-Market-Tt-Nagar/0755P755STD17195_BZDET?xid=QmhvcGFsIFJlc3RhdXJhbnRz,09:30 am - 11:00 pm
Bawarchi Restaurant,"Gulmohar Colony, Hoshangabad Road, Bhopal - 462011, Before Aashima Mall,Side Of C.I Hyundai",4,-9893293702,31,https://www.justdial.com/Bhopal/Bawarchi-Restaurant-Before-Aashima-Mall-Side-Of-C-I-Hyundai-Hoshangabad-Road/0755PX755-X755-150303121946-I3Z3_BZDET?xid=QmhvcGFsIFJlc3RhdXJhbnRz,11:00 am - 10:30 pm
Khan Sahab Restaurant & Fas..,"Khan Sahab, Bhopal Talkies Road, Hamidia Road, Bhopal - 462001, Near Model Ground (Map)",4.4,-9229332409,30,https://www.justdial.com/Bhopal/Khan-Sahab-Restaurant-Fast-Food-Near-Model-Ground-Hamidia-Road/0755PX755-X755-150923130049-L7H8_BZDET?xid=QmhvcGFsIFJlc3RhdXJhbnRz,11:00 am - 11:00 pm
Sagar Restaurant,"Plot No.-73, M P Nagar Zone -1, Zone 1, M P Nagar, Bhopal - 462011, Near City Bank (Map)",4.3,-256117,30,https://www.justdial.com/Bhopal/Sagar-Restaurant-Near-City-Bank-M-P-Nagar/0755PX755-X755-000999391645-S2V5_BZDET?xid=QmhvcGFsIFJlc3RhdXJhbnRz,Open 24 Hrs
Moti Mahal Delux,"2nd Floor, Shop No 1, Aashima Mall, Hoshangabad Road, Bhopal - 462011, Aashima Mall (Map)",4.3,-405994,29,https://www.justdial.com/Bhopal/Moti-Mahal-Delux-Aashima-Mall-Hoshangabad-Road/0755PX755-X755-120905161238-J5D8_BZDET?xid=QmhvcGFsIFJlc3RhdXJhbnRz,11:00 am - 11:00 pm
Bawarchi Restaurant,"Gulmohar Colony, Hoshangabad Road, Bhopal - 462011, Before Aashima Mall,Side Of C.I Hyundai",4,-7509855521,31,https://www.justdial.com/Bhopal/Bawarchi-Restaurant-Before-Aashima-Mall-Side-Of-C-I-Hyundai-Hoshangabad-Road/0755PX755-X755-150303121946-I3Z3_BZDET?xid=QmhvcGFsIFJlc3RhdXJhbnRz,11:00 am - 10:30 pm
Kareems Restaurant,"A 1, Gtbc Complex, Tt Nagar, Bhopal - 462003, New Market (Map)",3.9,-401774,27,https://www.justdial.com/Bhopal/Kareems-Restaurant-New-Market-Tt-Nagar/0755PX755-X755-130116173540-H5B9_BZDET?xid=QmhvcGFsIFJlc3RhdXJhbnRz,01:00 pm - 11:00 pm
Bay Leaf,,3.7,-310308,27,https://www.justdial.com/Bhopal/Bay-Leaf-Arera-Hills/0755PX755-X755-150507183658-N7D3_BZDET?xid=QmhvcGFsIFJlc3RhdXJhbnRz,07:00 pm - 11:30 pm
Da Pizzeria,"177, Zone 2, M P Nagar, Bhopal - 462011, Mp Nagar, Near Time Coaching Center (Map)",4.1,-426197,27,https://www.justdial.com/Bhopal/Da-Pizzeria-Mp-Nagar-Near-Time-Coaching-Center-M-P-Nagar/0755PX755-X755-150529141634-L7W4_BZDET?xid=QmhvcGFsIFJlc3RhdXJhbnRz,11:00 am - 11:00 pm
Goli Vada Pav,"Plot No 131/13, M P Nagar, Bhopal - 462011, Zone 2 (Map)",4.1,-420763,26,https://www.justdial.com/Bhopal/Goli-Vada-Pav-Zone-2-M-P-Nagar/0755PX755-X755-120629155413-W6Z1_BZDET?xid=QmhvcGFsIFJlc3RhdXJhbnRz,07:00 am - 10:00 pm
La Kuchina (jehan Numa Pala..,"C/O Jehan Numa Palace Hotel, Plot No 157, Shamla Hills, Bhopal - 462013 (Map)",4.7,-266774,25,https://www.justdial.com/Bhopal/La-Kuchina-(jehan-Numa-Palace-Hotel)-Shamla-Hills/0755PX755-X755-000076956174-H2C8_BZDET?xid=QmhvcGFsIFJlc3RhdXJhbnRz,12:00 pm - 03:00 pm 07:30 pm - 11:00 pm
Siyaram Tyres,"Main Road, Hoshangabad Road, Bhopal - 462011, Near Bagsewania Thana & Nilay Hospital",4.3,-9752174292,25,https://www.justdial.com/Bhopal/Siyaram-Tyres-Near-Bagsewania-Thana-Nilay-Hospital-Hoshangabad-Road/0755PX755-X755-150620232513-D3D3_BZDET?xid=QmhvcGFsIFJlc3RhdXJhbnRz,10:00 am - 08:30 pm
Shahi Haveli Bar & Restaura..,"238, M P Nagar, Bhopal - 462011, Opposite Db City Mall, Zone No 1 (Map)",4,-405179,25,https://www.justdial.com/Bhopal/Shahi-Haveli-Bar-Restaurant-Opposite-Db-City-Mall-Zone-No-1-M-P-Nagar/0755PX755-X755-130903120102-L5P7_BZDET?xid=QmhvcGFsIFJlc3RhdXJhbnRz,11:00 am - 12:00 am
Cafelicious,"Shop no.207, Sai baba complex, 1st floor, 0, M P Nagar, Bhopal - 462011, Beside hotel residency (Map)",4.8,-9152960284,24,https://www.justdial.com/Bhopal/Cafelicious-Beside-hotel-residency-M-P-Nagar/0755PX755-X755-170909163032-Z8S9_BZDET?xid=QmhvcGFsIFJlc3RhdXJhbnRz,11:00 am - 11:00 pm
Cafelicious,"Shop no.207, Sai baba complex, 1st floor, 0, M P Nagar, Bhopal - 462011, Beside hotel residency (Map)",4.8,-491163,24,https://www.justdial.com/Bhopal/Cafelicious-Beside-hotel-residency-M-P-Nagar/0755PX755-X755-170909163032-Z8S9_BZDET?xid=QmhvcGFsIFJlc3RhdXJhbnRz,11:00 am - 11:00 pm
Al- Beik Fast Food Corner,"Plot No 9 Zone -1, Ram Gopal Maheshwari Marg, M P Nagar, Bhopal - 462011, Near Manohar Dairy (Map)",4.3,-493401,24,https://www.justdial.com/Bhopal/Al-Beik-Fast-Food-Corner-Near-Manohar-Dairy-M-P-Nagar/0755PX755-X755-140709154456-E9S6_BZDET?xid=QmhvcGFsIFJlc3RhdXJhbnRz,10:30 am - 10:00 pm
Amar Jyot Restaurant,"37, Shahajanabad, Bhopal - 462001, Opposite Sultania Girls School (Map)",4.1,-268659,24,https://www.justdial.com/Bhopal/Amar-Jyot-Restaurant-Opposite-Sultania-Girls-School-Shahajanabad/0755PX755-X755-120130124358-T3R7_BZDET?xid=QmhvcGFsIFJlc3RhdXJhbnRz,12:00 pm - 12:00 am
Himalaya Restaurant,"Hoshangabad Road, Bhopal - 462011, Ganesh Nagar, Near Paragati Petrol Pump, Opposite Aashima Mall",4.1,-9926640798,24,https://www.justdial.com/Bhopal/Himalaya-Restaurant-Ganesh-Nagar-Near-Paragati-Petrol-Pump-Opposite-Aashima-Mall-Hoshangabad-Road/0755PX755-X755-120216021658-E1G4_BZDET?xid=QmhvcGFsIFJlc3RhdXJhbnRz,11:00 am - 11:00 pm
New Inn Restaurant,"Plot No 28, Bhadbhada Road, Tt Nagar, Bhopal - 462003, Near P T Jewellers (Map)",4,-423041,23,https://www.justdial.com/Bhopal/New-Inn-Restaurant-Near-P-T-Jewellers-Tt-Nagar/0755PX755-X755-140611150034-M7R3_BZDET?xid=QmhvcGFsIFJlc3RhdXJhbnRz,09:30 am - 11:00 pm
Mandir Bhog,"Surendra Landmark, C-11, Rajbhawan Road, Misrod, Bhopal - 462026, Opposite Vrindavan Dhaba, Near Ashima Mall (Map)",4.3,-656119,22,https://www.justdial.com/bhopal/Mandir-Bhog-Opposite-Vrindavan-Dhaba-Near-Ashima-Mall-Misrod/0755PX755-X755-140214125430-Y4M8_BZDET?xid=QmhvcGFsIFJlc3RhdXJhbnRz,10:00 am - 11:00 pm
Saffron Restaurant,"Shop No 85, First Floor, Mp Nagar Road, M P Nagar, Bhopal - 462011, Opposite Jyoti Talkies & Raymond Showroom, Zone 2 (Map)",4.5,-428219,21,https://www.justdial.com/Bhopal/Saffron-Restaurant-Opposite-Jyoti-Talkies-Raymond-Showroom-Zone-2-M-P-Nagar/0755PX755-X755-150722151732-X2J1_BZDET?xid=QmhvcGFsIFJlc3RhdXJhbnRz,11:00 am - 03:00 pm 07:00 pm - 11:00 pm
Amulya Restaurant & Garden,"E-8, Main Road, Arera Colony, Bhopal - 462016, 12 No Bus Stop (Map)",4.1,-243378,21,https://www.justdial.com/BHOPAL/Amulya-Restaurant-Garden-12-No-Bus-Stop-Arera-Colony/0755PX755-X755-000103168543-H1N4_BZDET?xid=QmhvcGFsIFJlc3RhdXJhbnRz,11:00 am - 12:00 am
Sakshi Dhaba,"Bhadbhada Road, Kerwa Dam, Bhopal - 462044, New Kerwa Tiraha, Berkhedi Kalan (Map)",4,-270329,21,https://www.justdial.com/Bhopal/Sakshi-Dhaba-New-Kerwa-Tiraha-Berkhedi-Kalan-Kerwa-Dam/0755PX755-X755-131122165118-I6E8_BZDET?xid=QmhvcGFsIFJlc3RhdXJhbnRz,12:00 am - 11:59 pm
Cowboy Restaurant,"Plot No 12, Upper First Floor, Habibganj Road, Bhopal - 462016, Opposite Habibganj Metro Thana, Bittan Market (Map)",3.9,-427714,21,https://www.justdial.com/Bhopal/Cowboy-Restaurant-Opposite-Habibganj-Metro-Thana-Bittan-Market-Habibganj-Road/0755PX755-X755-140507153207-J3U8_BZDET?xid=QmhvcGFsIFJlc3RhdXJhbnRz,12:00 pm - 11:00 pm
Cafe Cabana,"C/O Hotel Lake View Ashok, Shamla Hills, BHOPAL - 462013, Opposite Doordarshan Premises",3.7,-266673,21,https://www.justdial.com/Bhopal/Cafe-Cabana-Opposite-Doordarshan-Premises-Shamla-Hills/0755PX755-X755-110826154356-H3B2_BZDET?xid=QmhvcGFsIFJlc3RhdXJhbnRz,Open 24 Hrs
Sukoon Cafe,"Plot No.-146, Basements, Zone-1, M P Nagar, Bhopal - 462011, Behind Fortune Builders, (Map)",4.8,-400785,24,https://www.justdial.com/Bhopal/Sukoon-Cafe-Behind-Fortune-Builders-M-P-Nagar/0755PX755-X755-170121124548-N7K8_BZDET?xid=QmhvcGFsIFJlc3RhdXJhbnRz,11:00 am - 11:00 pm
Under The Mango Tree (Jehan..,,4.2,-266774,19,https://www.justdial.com/Bhopal/Under-The-Mango-Tree-(Jehan-Numa-Palace-Hotel)-Shamla-Hills/0755PX755-X755-000323963036-O0M3_BZDET?xid=QmhvcGFsIFJlc3RhdXJhbnRz,07:30 pm - 11:00 pm
Kebabsville - Sayaji Hotel,"A-3, Van Vihar Road, Prempura, Tt Nagar, Bhopal - 462002 (Map)",4.4,-277441,19,https://www.justdial.com/Bhopal/Kebabsville-Sayaji-Hotel-Tt-Nagar/0755PX755-X755-171017190358-D9L3_BZDET?xid=QmhvcGFsIFJlc3RhdXJhbnRz,07:00 pm - 11:00 pm
Hideout,"10 Kabeer Dham, Airport Road, Air Port, Bhopal - 462030, Near Spice Ring, Garden Estate Society (Map)",4,-9753944639,19,https://www.justdial.com/bhopal/Hideout-Near-Spice-Ring-Garden-Estate-Society-Air-Port/0755PX755-X755-160827150905-B3Z5_BZDET?xid=QmhvcGFsIFJlc3RhdXJhbnRz,12:00 pm - 11:30 pm
Greek Food & Beyond,"R 8 3rd Floor, D B City Mall, M P Nagar, Bhopal - 462011, Near Board Office, Arera Hills (Map)",3.8,-665074,19,https://www.justdial.com/Bhopal/Greek-Food-Beyond-Near-Board-Office-Arera-Hills-M-P-Nagar/0755PX755-X755-110208081815-K1Q3_BZDET?xid=QmhvcGFsIFJlc3RhdXJhbnRz,12:00 pm - 10:30 pm
New Sharma Fast Food,"C-60, Mp Nagar Road, M P Nagar, Bhopal - 462011, Opposite Chetak Bridge, Zone-1 (Map)",4.4,-9584453646,18,https://www.justdial.com/Bhopal/New-Sharma-Fast-Food-Opposite-Chetak-Bridge-Zone-1-M-P-Nagar/0755PX755-X755-161112190407-I7W4_BZDET?xid=QmhvcGFsIFJlc3RhdXJhbnRz,10:00 am - 11:00 pm
Padharo Sa Restaurant,"2 & 3, Food Court, D B Mall, M P Nagar, Bhopal - 462011, Maharana Pratap Nagar (Map)",4.1,-9303697411,18,https://www.justdial.com/Bhopal/Padharo-Sa-Restaurant-Maharana-Pratap-Nagar-M-P-Nagar/0755PX755-X755-150608153317-H4Q1_BZDET?xid=QmhvcGFsIFJlc3RhdXJhbnRz,11:00 am - 11:00 pm
Afgan Hotel,"House No 28, 29, hosi majjit road, Peergate, Bhopal - 462001, Ahata Khan Sahab , (Map)",4.1,-9300816368,18,https://www.justdial.com/Bhopal/Afgan-Hotel-Ahata-Khan-Sahab-Peergate/0755PX755-X755-110112145209-Q7B4_BZDET?xid=QmhvcGFsIFJlc3RhdXJhbnRz,10:00 am - 01:00 pm
Hakeem Hotel,"C T Nagar Thana, Main Road, New Market, Bhopal - 462003 (Map)",3.9,-9826885200,18,https://www.justdial.com/bhopal/Hakeem-Hotel-New-Market/0755PX755-X755-130110133008-G5A3_BZDET?xid=QmhvcGFsIFJlc3RhdXJhbnRz,09:00 am - 10:00 pm
Sankalp Restaurant,"Shop No 85, M P Nagar, Bhopal - 462011, Zone No 2, Opposite Lemon Showroom (Map)",3.7,-326219,18,https://www.justdial.com/bhopal/Sankalp-Restaurant-Zone-No-2-Opposite-Lemon-Showroom-M-P-Nagar/0755PX755-X755-151121133452-G2U5_BZDET?xid=QmhvcGFsIFJlc3RhdXJhbnRz,11:00 am - 11:00 pm
Rubaab Restaurant,"Shop 86 IBD Centre Point, Gulmohar Colony, Bhopal - 462039, Indus Garden Near Mahindra Fuel Point , Bawadiya Kalan (Map)",4.4,-405731,17,https://www.justdial.com/Bhopal/Rubaab-Restaurant-Indus-Garden-Near-Mahindra-Fuel-Point-Bawadiya-Kalan-Gulmohar-Colony/0755PX755-X755-141209172224-U6P7_BZDET?xid=QmhvcGFsIFJlc3RhdXJhbnRz,11:00 am - 11:00 pm
Saaajri Dhani Hotel And Res..,"245, Salaiya, Misrod, Misrod, Bhopal - 462026, Behind Aakrati Green Multistorey Building (Map)",4.3,-9425016515,17,https://www.justdial.com/BHOPAL/Saaajri-Dhani-Hotel-And-Restaurant-Behind-Aakrati-Green-Multistorey-Building-Misrod/0755PX755-X755-130325174329-F1G6_BZDET?xid=QmhvcGFsIFJlc3RhdXJhbnRz,11:00 am - 11:00 pm
Amar Hotel,"Plot No 256, M P Nagar, Bhopal - 462011, Besides Hotel Ganpati, Zone 2 (Map)",4.1,-255674,17,https://www.justdial.com/Bhopal/Amar-Hotel-Besides-Hotel-Ganpati-Zone-2-M-P-Nagar/0755PX755-X755-101125200347-P7Q3_BZDET?xid=QmhvcGFsIFJlc3RhdXJhbnRz,12:00 pm - 11:00 pm
7 Course Restaurant,"Shop No 4, K K Platinum, Arera Colony, Bhopal - 462039, Opposite Aura Mall, Gulmohar (Map)",4,-401906,16,https://www.justdial.com/Bhopal/7-Course-Restaurant-Opposite-Aura-Mall-Gulmohar-Arera-Colony/0755PX755-X755-161013171746-Y7Q1_BZDET?xid=QmhvcGFsIFJlc3RhdXJhbnRz,11:00 am - 11:00 pm
Agrawal Puri Bhandar,"Marwari Road, Chowk Bazaar, Bhopal - 462001, Sarafa Chowk Bazaar & (Map)",3.9,-9993168353,16,https://www.justdial.com/BHOPAL/Agrawal-Puri-Bhandar-Sarafa-Chowk-Bazaar-Chowk-Bazaar/0755P755STD709146_BZDET?xid=QmhvcGFsIFJlc3RhdXJhbnRz,10:30 am - 10:00 pm
Aachman Restaurant,"Khajuri Bypass Square, Raisen Road, Bhopal - 462022, Near Khajuri Bagh (Map)",3.6,-280782,16,https://www.justdial.com/Bhopal/Aachman-Restaurant-Near-Khajuri-Bagh-Raisen-Road/0755P7480-7480-121106191124-B4G1_BZDET?xid=QmhvcGFsIFJlc3RhdXJhbnRz,09:00 am-11:00 pm
E Square Family Restaurant,"E 8/2-3, Arera Colony, Bhopal - 462016, Near Dena Bank, 12 No Bus Stop (Map)",4.4,-404064,15,https://www.justdial.com/Bhopal/E-Square-Family-Restaurant-Near-Dena-Bank-12-No-Bus-Stop-Arera-Colony/0755PX755-X755-150320134501-E7X5_BZDET?xid=QmhvcGFsIFJlc3RhdXJhbnRz,11:00 am - 11:00 pm
Angathi Restaurant And Fast..,"Shaml Road, Near Kilol Petrol Pump, Bhopal - 462001",4,-224431,15,https://www.justdial.com/Bhopal/Angathi-Restaurant-And-Fast-Food/0755PX755-X755-100824113026-A4M8_BZDET?xid=QmhvcGFsIFJlc3RhdXJhbnRz,11:00 am - 03:00 pm 07:00 pm - 11:00 pm
E Beedu,"4/4 Rantham More Complex, M P Nagar, Bhopal - 462011, Zone 1, Near Shree Vatika Hotel (Map)",3.6,-645104,15,https://www.justdial.com/Bhopal/E-Beedu-Zone-1-Near-Shree-Vatika-Hotel-M-P-Nagar/0755PX755-X755-130724120051-M3G2_BZDET?xid=QmhvcGFsIFJlc3RhdXJhbnRz,11:00 am - 03:00 pm 07:00 pm - 10:00 pm
Kukuz Curry,"Shop No 393, 0, Hoshangabad Road, Bhopal - 462011, Near Aashima Mall (Map)",3.1,-9152635316,15,https://www.justdial.com/Bhopal/Kukuz-Curry-Near-Aashima-Mall-Hoshangabad-Road/0755PX755-X755-140217160740-N4E7_BZDET?xid=QmhvcGFsIFJlc3RhdXJhbnRz,Open 24 Hrs
Sharma Chinese And Fast Foo..,"Shop No. 45-46, Platinum Plaza, New Market, Mata Mandir, Tt Nagar, Bhopal - 462003 (Map)",4.5,-7554233949,14,https://www.justdial.com/bhopal/Sharma-Chinese-And-Fast-Food-Tt-Nagar/0755PX755-X755-140709174231-K6R7_BZDET?xid=QmhvcGFsIFJlc3RhdXJhbnRz,09:30 am - 08:30 pm
Ustad Chote Nawab Restauran..,"Shop No 57, Chetak Bridge Road, Kasturba Nagar, Bhopal - 462024, Kasturba Market, Opposite Kasturba Hospital (Map)",4.4,-9301975488,14,https://www.justdial.com/Bhopal/Ustad-Chote-Nawab-Restaurants-Kasturba-Market-Opposite-Kasturba-Hospital-Kasturba-Nagar/0755P7480-7480-120612160150-N2M6_BZDET?xid=QmhvcGFsIFJlc3RhdXJhbnRz,02:00 pm - 11:00 pm
Jameel Restaurant,"Ibrahimganj, Bhopal - 462001, Behind Nadra Bus Stand, Israni Market (Map)",3.7,,14,https://www.justdial.com/Bhopal/Jameel-Restaurant-Behind-Nadra-Bus-Stand-Israni-Market-Ibrahimganj/0755PX755-X755-150729190925-H3E6_BZDET?xid=QmhvcGFsIFJlc3RhdXJhbnRz,Open 24 Hrs
Murga On The Wheel,"Shop No. 1, 6 No. Market, Shivaji Nagar, Bhopal - 462016, In Front Of Hawkers Corner (Map)",4.6,-9303117662,13,https://www.justdial.com/Bhopal/Murga-On-The-Wheel-In-Front-Of-Hawkers-Corner-Shivaji-Nagar/0755PX755-X755-130720170745-D1T6_BZDET?xid=QmhvcGFsIFJlc3RhdXJhbnRz,07:00 am - 11:00 pm
Ckc- Chai Ki Chuski,"Shop No.2 Green City Mall, Gulmohar Colony, Bhopal - 462039, Near Reliance Fresh (Map)",3.9,-435674,13,https://www.justdial.com/Bhopal/Ckc-Chai-Ki-Chuski-Near-Reliance-Fresh-Gulmohar-Colony/0755PX755-X755-140429153812-T1M3_BZDET?xid=QmhvcGFsIFJlc3RhdXJhbnRz,10:00 am - 11:00 pm
Mark Restaurants,",",3.9,-250658,13,https://www.justdial.com/BHOPAL/Mark-Restaurants-Near-Misrod-Station-Hoshangabad-Road/0755P755STD2700387_BZDET?xid=QmhvcGFsIFJlc3RhdXJhbnRz,12:00 pm - 04:00 pm 05:00 pm - 11:00 pm
Maybe There,"4th Floor, 10th Cross Road Building, 10th Main Road, Arera Colony, Bhopal - 462016, Above Vishal Fitness Centre & (Map)",3.8,-423097,13,https://www.justdial.com/bhopal/Maybe-There-Above-Vishal-Fitness-Centre-Arera-Colony/0755PX755-X755-160804113652-A8U6_BZDET?xid=QmhvcGFsIFJlc3RhdXJhbnRz,12:30 pm - 12:30 am
Kanha Dham Radha Ki Dhani R..,"C/O Kanha Dham Radha Ki Dhani, Bhopal Indore Express Highway, Tilakhedi Jod Road-Fanda, Bhopal - 462030 (Map)",4.4,-280694,12,https://www.justdial.com/Bhopal/Kanha-Dham-Radha-Ki-Dhani-Restaurant-Tilakhedi-Jod-Road-Fanda/0755PX755-X755-131009155809-X4B1_BZDET?xid=QmhvcGFsIFJlc3RhdXJhbnRz,02:00 pm - 11:00 pm
Jhankar The Amer Discothequ..,,3.9,-427875,12,https://www.justdial.com/BHOPAL/Jhankar-The-Amer-Discotheque-Zone-I-M-P-Nagar/0755PX755-X755-001138959796-P3S7_BZDET?xid=QmhvcGFsIFJlc3RhdXJhbnRz,07:00 pm - 11:00 pm
Sheesha Sky Lounge,"Ashima Mall, 3rd Floor, Hoshangabad Road, Bhopal - 462011 (Map)",4.2,-405997,11,https://www.justdial.com/Bhopal/Sheesha-Sky-Lounge-Hoshangabad-Road/0755PX755-X755-140911194018-G2B8_BZDET?xid=QmhvcGFsIFJlc3RhdXJhbnRz,12:00 pm - 11:30 pm
Momo Cafe,"C/O Courtyard By Marriot, Db City Mall, Arera Hills, Bhopal - 462011, M P Nagar (Map)",4.2,-310308,11,https://www.justdial.com/Bhopal/Momo-Cafe-M-P-Nagar-Arera-Hills/0755PX755-X755-130204124628-K1G7_BZDET?xid=QmhvcGFsIFJlc3RhdXJhbnRz,06:00 am - 11:00 pm
Zayka Hyderabadi Restaurant,"222, M P Nagar, Bhopal - 462011, Chetak Bridge, Zone 2, Behind Sargam Cinema (Map)",4,,11,https://www.justdial.com/Bhopal/Zayka-Hyderabadi-Restaurant-Chetak-Bridge-Zone-2-Behind-Sargam-Cinema-M-P-Nagar/0755PX755-X755-120131162117-V3S8_BZDET?xid=QmhvcGFsIFJlc3RhdXJhbnRz,11:00 am - 11:00 pm
Nerbada Sweets & Restaurant,"Shop No 62, Krishna Plaza, Indore Road, Bairagarh, Bhopal - 462030, Near Santji Kutiya, Hemu Kalani (Map)",4.5,-265119,10,https://www.justdial.com/bhopal/Nerbada-Sweets-Restaurant-Near-Santji-Kutiya-Hemu-Kalani-Bairagarh/0755PX755-X755-140717173602-X3K4_BZDET?xid=QmhvcGFsIFJlc3RhdXJhbnRz,11:00 am - 11:00 pm
Balveer Da Punjabi Dhaba,"108, 80 Feet Road, Ashoka Garden, Bhopal - 462023, Near Hotel Maanpreet (Map)",4.3,-9893990779,10,https://www.justdial.com/Bhopal/Balveer-Da-Punjabi-Dhaba-Near-Hotel-Maanpreet-Ashoka-Garden/0755PX755-X755-110307133855-I3T6_BZDET?xid=QmhvcGFsIFJlc3RhdXJhbnRz,09:30 am - 11:00 pm
Lake City Pride Garden & Re..,"Lake City Pride, Sehore Naka Road, Bairagarh, Bhopal - 462030, Near Muskan Garden (Map)",4.1,-424815,10,https://www.justdial.com/Bhopal/Lake-City-Pride-Garden-Restaurant-Near-Muskan-Garden-Bairagarh/0755PX755-X755-160405162444-P4M6_BZDET?xid=QmhvcGFsIFJlc3RhdXJhbnRz,Open 24 Hrs
My Foods,"S-31, GTB Complex, New Market, Bhopal - 462003, Behind Central Bank Of India (Map)",4.1,-9770009927,10,https://www.justdial.com/Bhopal/My-Foods-Behind-Central-Bank-Of-India-New-Market/0755PX755-X755-150428220352-X8P9_BZDET?xid=QmhvcGFsIFJlc3RhdXJhbnRz,12:00 am - 08:00 pm
Trio Beer Pub Restaurant Mu..,"Ashima Mall, 3rd Floor, Misrod Road, Hoshangabad Road, Bhopal - 462011, Ashima Mall (Map)",4,-405996,10,https://www.justdial.com/Bhopal/Trio-Beer-Pub-Restaurant-Music-Ashima-Mall-Hoshangabad-Road/0755PX755-X755-140911191725-W1X5_BZDET?xid=QmhvcGFsIFJlc3RhdXJhbnRz,11:30 am - 12:00 am
Brajwasi Bhojnalaya And Swe..,"Main Railway Station Road, Bhopal - 462001, Opposite Platform No 06 (Map)",4,-646544,10,https://www.justdial.com/bhopal/Brajwasi-Bhojnalaya-And-Sweet-House-Opposite-Platform-No-06/0755PX755-X755-140216055640-G2B4_BZDET?xid=QmhvcGFsIFJlc3RhdXJhbnRz,10:00 am - 10:00 pm
Padharo Sa Restaurant,"Shop No 10 E8, Siddharth Campus, Hoshangabad Road, Arera Colony, Bhopal - 462039, Behind Ora Mall (Map)",3.8,-400825,10,https://www.justdial.com/Bhopal/Padharo-Sa-Restaurant-Behind-Ora-Mall-Arera-Colony/0755PX755-X755-150608150905-E5C5_BZDET?xid=QmhvcGFsIFJlc3RhdXJhbnRz,08:00 am - 11:00 pm
9 Masala Street,"M P Nagar, Bhopal - 462011, Inside The Bhopal Haat, D B City Mall (Map)",3.7,-9425606163,10,https://www.justdial.com/Bhopal/9-Masala-Street-Inside-The-Bhopal-Haat-D-B-City-Mall-M-P-Nagar/0755PX755-X755-131216200041-B8G7_BZDET?xid=QmhvcGFsIFJlc3RhdXJhbnRz,11:00 am - 10:30 pm
Indian Coffee House,"ward num 80 Shop num 108, Kolar Road, Bhopal - 462042, Banjari, Aashirwad Colony near honda showroom (Map)",4.6,-8965956452,9,https://www.justdial.com/bhopal/Indian-Coffee-House-Banjari-Aashirwad-Colony-near-honda-showroom-Kolar-Road/0755PX755-X755-160811140734-N8U7_BZDET?xid=QmhvcGFsIFJlc3RhdXJhbnRz,07:00 am - 11:00 pm
Manohar Dairy & Restaurant,"132 Zone I, M P Nagar, Bhopal - 462011, Near Citi Bank (Map)",4.6,-7554040316,9,https://www.justdial.com/Bhopal/Manohar-Dairy-Restaurant-Near-Citi-Bank-M-P-Nagar/0755PX755-X755-160323155916-W8W6_BZDET?xid=QmhvcGFsIFJlc3RhdXJhbnRz,08:00 am - 10:30 pm
Temptations,"C/O Hotel Sarthak, 37, New Market, Bhopal - 462003, Opposite Indian Coffee House, Malviya Nagar (Map)",4.1,-402984,9,https://www.justdial.com/Bhopal/Temptations-Opposite-Indian-Coffee-House-Malviya-Nagar-New-Market/0755PX755-X755-110826165108-I5X8_BZDET?xid=QmhvcGFsIFJlc3RhdXJhbnRz,11:00 am - 11:00 pm
Orient Lake Treat,"45 Amaltas Building, Chunna Bhatti Road, Kolar Road, Bhopal - 462042, Opposite State Bank Of India,Phase 1 (Map)",3.1,-401795,9,https://www.justdial.com/Bhopal/Orient-Lake-Treat-Opposite-State-Bank-Of-India-Phase-1-Kolar-Road/0755PX755-X755-150608114304-S9C1_BZDET?xid=QmhvcGFsIFJlc3RhdXJhbnRz,11:00 am - 11:00 pm
Teste Of Bhopal,"Plot no.mig 195, Katara road, Saket Nagar, Bhopal - 462024, Near nri global school",4.8,-9152628923,8,https://www.justdial.com/Bhopal/Teste-Of-Bhopal-Near-nri-global-school-Saket-Nagar/0755PX755-X755-170923185707-S1S4_BZDET?xid=QmhvcGFsIFJlc3RhdXJhbnRz,09:00 am - 10:00 pm
Food Plaza Restaurant,"Habibganj Road, Bhopal - 462016, Near M P Nagar, Platform No 1,Habibganj Railway Station, Next to Punjab National Bank Atm (Map)",4.6,-8827809522,8,https://www.justdial.com/Bhopal/Food-Plaza-Restaurant-Near-M-P-Nagar-Platform-No-1-Habibganj-Railway-Station-Next-to-Punjab-National-Bank-Atm-Habibganj-Road/0755PX755-X755-140110141608-T4K9_BZDET?xid=QmhvcGFsIFJlc3RhdXJhbnRz,Open 24 Hrs
Kinara Restaurant,,4.5,-266673,8,https://www.justdial.com/Bhopal/Kinara-Restaurant-Opposite-Doordarshan-Premises-Shamla-Hills/0755PX755-X755-000416332743-Y8M7_BZDET?xid=QmhvcGFsIFJlc3RhdXJhbnRz,10:00 am - 11:00 pm
Sharma And Vishnu Fast Food,"9d b sector, Indrapuri, Indrapuri, Bhopal - 462023, Near HDFC BANK (Map)",4.2,-400904,8,https://www.justdial.com/Bhopal/Sharma-And-Vishnu-Fast-Food-Near-HDFC-BANK-Indrapuri/0755PX755-X755-161025180733-P2Q1_BZDET?xid=QmhvcGFsIFJlc3RhdXJhbnRz,11:30 am - 10:30 pm
Shahnama (Jehan Numa Palace..,,4.2,-266774,8,https://www.justdial.com/Bhopal/Shahnama-(Jehan-Numa-Palace-Hotel)-Shamla-Hills/0755P755STD4610_BZDET?xid=QmhvcGFsIFJlc3RhdXJhbnRz,07:00 am - 10:00 am 01:00 pm - 03:00 pm
The Terrace,"E8, Gulmohar Abhinav Complex, Gulmohar Colony, Bhopal - 462039, Rohit Nagar,mahindra cool point,bharat petrolium",4.1,-491833,8,https://www.justdial.com/Bhopal/The-Terrace-Rohit-Nagar-mahindra-cool-point-bharat-petrolium-Gulmohar-Colony/0755PX755-X755-160911161302-Z6K8_BZDET?xid=QmhvcGFsIFJlc3RhdXJhbnRz,12:00 pm - 11:00 pm
Sagar Ratna Restaurant,"M P Nagar, Bhopal - 462011, Sagar Ratna -Db Mall Bhopal, (Map)",4,-665113,8,https://www.justdial.com/Bhopal/Sagar-Ratna-Restaurant-Sagar-Ratna-Db-Mall-Bhopal-M-P-Nagar/0755PX755-X755-140302161841-D6M7_BZDET?xid=QmhvcGFsIFJlc3RhdXJhbnRz,11:00 am - 11:00 pm
Dastarkhwan,"Shop No 3 & 4, Tt Nagar, Bhopal - 462003, Professor Colony, Opposite Kamla Park Petrol Pump (Map)",4,-7869365980,8,https://www.justdial.com/bhopal/Dastarkhwan-Professor-Colony-Opposite-Kamla-Park-Petrol-Pump-Tt-Nagar/0755PX755-X755-151017125346-W2H4_BZDET?xid=QmhvcGFsIFJlc3RhdXJhbnRz,12:30 pm - 12:00 am
Anjani Veg Bhojnalay,"Plot No 92, M P Nagar, Bhopal - 462011, Near Berchha Mava, Opposite Raymond Showroom, Zone No 2 (Map)",4,-423863,8,https://www.justdial.com/Bhopal/Anjani-Veg-Bhojnalay-Near-Berchha-Mava-Opposite-Raymond-Showroom-Zone-No-2-M-P-Nagar/0755P7480-7480-110203164914-Y3Z4_BZDET?xid=QmhvcGFsIFJlc3RhdXJhbnRz,11:00 am - 11:00 pm
The Royal Court,"Arera Colony, Bhopal - 462016, Gulmohar Colony, Near Aura Mall, Before Shahpura Thana, IT Plaza (Map)",4,-430443,8,https://www.justdial.com/Bhopal/The-Royal-Court-Gulmohar-Colony-Near-Aura-Mall-Before-Shahpura-Thana-IT-Plaza-Arera-Colony/0755PX755-X755-140403214533-I4N7_BZDET?xid=QmhvcGFsIFJlc3RhdXJhbnRz,11:00 am - 12:00 am
Golden Lakes Hotel,"Airport Road, Gandhinagar, Bhopal - 462036, NEAR RAJAGHOJ AIRPORT (Map)",3.9,-426552,8,https://www.justdial.com/Bhopal/Golden-Lakes-Hotel-NEAR-RAJAGHOJ-AIRPORT-Gandhinagar/0755PX755-X755-140813182432-M9B9_BZDET?xid=QmhvcGFsIFJlc3RhdXJhbnRz,Open 24 Hrs
Hotel Shagun,"Peergate, Bhopal - 462001 (Map)",3.8,-254974,8,https://www.justdial.com/bhopal/Hotel-Shagun-Peergate/0755PX755-X755-130403160126-N5I3_BZDET?xid=QmhvcGFsIFJlc3RhdXJhbnRz,08:00 am - 11:00 pm
Apsara Restaurant,"Ravindra Bhavan, Shamla Hills, Bhopal - 462013, Near Polytechnic Square (Map)",3.8,-266803,8,https://www.justdial.com/BHOPAL/Apsara-Restaurant-Near-Polytechnic-Square-Shamla-Hills/0755P755STD709148_BZDET?xid=QmhvcGFsIFJlc3RhdXJhbnRz,10:30 am - 10:30 pm
The Banana Tree Restaurant,"Shop No 416, 417 & 418, Surendra Landmark, Hoshangabad Road, Bhopal - 462011, Opposite Chinar Forture City",3.6,-424025,8,https://www.justdial.com/Bhopal/The-Banana-Tree-Restaurant-Opposite-Chinar-Forture-City-Hoshangabad-Road/0755PX755-X755-140116103308-B7Z1_BZDET?xid=QmhvcGFsIFJlc3RhdXJhbnRz,10:00 am - 10:00 pm
Hotel Vrindavan Garden,"Hoshangabad Road, Bhopal - 462011",2.6,,8,https://www.justdial.com/Bhopal/Hotel-Vrindavan-Garden-Hoshangabad-Road/0755PX755-X755-130110131442-A2F6_BZDET?xid=QmhvcGFsIFJlc3RhdXJhbnRz,09:00 am - 10:00 pm
Grills And More,"Shop No. 110, Indrapuri, Bhopal - 462023, Near Beema Hospital, C Sector (Map)",4.7,-8109688613,7,https://www.justdial.com/Bhopal/Grills-And-More-Near-Beema-Hospital-C-Sector-Indrapuri/0755PX755-X755-140717132633-C6Z5_BZDET?xid=QmhvcGFsIFJlc3RhdXJhbnRz,10:30 am - 11:00 pm
Shree Garden Restaurant,"Kolar Main Road, Chunabhatti, Bhopal - 462016, Near Petrol Pump (Map)",4.5,-408425,7,https://www.justdial.com/BHOPAL/Shree-Garden-Restaurant-Near-Petrol-Pump-Chunabhatti/0755P755STD2700483_BZDET?xid=QmhvcGFsIFJlc3RhdXJhbnRz,07:00 am - 11:00 pm
Jackpot Family Restaurant,"E-2/20, Arera Colony Road, Habib Ganj Railway Station, Bhopal - 462016 (Map)",4.3,-242887,7,https://www.justdial.com/Bhopal/Jackpot-Family-Restaurant-Habib-Ganj-Railway-Station/0755PX755-X755-151022115353-I7L1_BZDET?xid=QmhvcGFsIFJlc3RhdXJhbnRz,08:00 am - 11:30 pm
Mirch Masala Restaurant,,4.1,-429765,7,https://www.justdial.com/BHOPAL/Mirch-Masala-Restaurant-Opposite-J-K-Building-Near-Nadira-Bus-Stand-Hamidia-Road/0755P755STDG000080_BZDET?xid=QmhvcGFsIFJlc3RhdXJhbnRz,07:00 am - 12:00 am
Poison Club,"Sango C21 Mall, Hoshangabad Road, Misrod, Bhopal - 462026 (Map)",3.9,-7803827949,7,https://www.justdial.com/Bhopal/Poison-Club-Misrod/0755PX755-X755-141101181525-F7J2_BZDET?xid=QmhvcGFsIFJlc3RhdXJhbnRz,11:00 am - 12:00 am
Hookah Lounge,"Arera Colony, Bhopal - 462001",3.7,-9993823572,7,https://www.justdial.com/bhopal/Hookah-Lounge/0755PX755-X755-140317221546-S8H2_BZDET?xid=QmhvcGFsIFJlc3RhdXJhbnRz,10:00 am - 06:30 pm
Ronak Plaza Restaurant,"C/O Hotel Ronak Plaza, Plot No 216, Mp Nagar Road, M P Nagar, Bhopal - 462011, Zone 1, Behind Jyoti Cinema (Map)",3.4,-420783,7,https://www.justdial.com/Bhopal/Ronak-Plaza-Restaurant-Zone-1-Behind-Jyoti-Cinema-M-P-Nagar/0755PX755-X755-130125104653-H8K5_BZDET?xid=QmhvcGFsIFJlc3RhdXJhbnRz,07:00 am - 10:30 pm
Mosaic Restaurant,"C/O Hotel Mosaic, Hoshangabad Road, Bhopal - 462011, Opposite Ranjeet Nissan Motors",3.1,-9229221097,7,https://www.justdial.com/Bhopal/Mosaic-Restaurant-Opposite-Ranjeet-Nissan-Motors-Hoshangabad-Road/0755PX755-X755-131004105933-C5N1_BZDET?xid=QmhvcGFsIFJlc3RhdXJhbnRz,11:00 am - 11:00 pm
Veera Di Hatti,"Shop No 2, Lower Ground Floor, Metro Plaza, Bittan Market, Bhopal - 462003, near post office and arjun pushkar swimming pool",4.9,-9993948730,6,https://www.justdial.com/Bhopal/Veera-Di-Hatti-near-post-office-and-arjun-pushkar-swimming-pool-Bittan-Market/0755PX755-X755-160421224203-T6S6_BZDET?xid=QmhvcGFsIFJlc3RhdXJhbnRz,06:00 pm - 11:30 pm
Lollipop Restaurant Food J..,"DK-1 Banjari, Danish Kunj, DK-1 Road, Kolar Road, Bhopal - 462042, Near Post Office (Map)",4.9,-9826022797,6,https://www.justdial.com/Bhopal/Lollipop-Restaurant-Food-Junction-Near-Post-Office-Kolar-Road/0755PX755-X755-171011181706-B7W7_BZDET?xid=QmhvcGFsIFJlc3RhdXJhbnRz,01:00 pm - 11:00 pm
Shikha Sweet & Restaurant,"63, Lakhpati Bhavan, Mangalwara Road, Mangalwara Road, Bhopal - 462001, Near Mangalwara Police Thana (Map)",4.7,-274013,6,https://www.justdial.com/Bhopal/Shikha-Sweet-Restaurant-Near-Mangalwara-Police-Thana-Mangalwara-Road/0755PX755-X755-140603143645-R5P3_BZDET?xid=QmhvcGFsIFJlc3RhdXJhbnRz,10:00 am - 10:00 pm
I Like Gourmet,"Shop No G-14, Vijay Stambh, Zone 1, M P Nagar, Bhopal - 462011, Opposite Axis Bank (Map)",4.7,-429441,6,https://www.justdial.com/Bhopal/I-Like-Gourmet-Opposite-Axis-Bank-M-P-Nagar/0755PX755-X755-150311155142-P9I5_BZDET?xid=QmhvcGFsIFJlc3RhdXJhbnRz,11:00 am - 10:30 pm
Indian Coffee House,"Arera Hills, Bhopal - 462011",4.6,-9406541499,6,https://www.justdial.com/bhopal/Indian-Coffee-House-Arera-Hills/0755PX755-X755-140731160147-X7L6_BZDET?xid=QmhvcGFsIFJlc3RhdXJhbnRz,09:30 am - 06:30 pm
Nasha Bar & Lounge,"C/O. Ranjits Golden Oak Resort, Hoshangabad Road, Bhopal - 462011, Opposite Shree Ram Colony, National Highway No 12",4.5,-250579,6,https://www.justdial.com/Bhopal/Nasha-Bar-Lounge-Opposite-Shree-Ram-Colony-National-Highway-No-12-Hoshangabad-Road/0755PX755-X755-111025120213-E4Q5_BZDET?xid=QmhvcGFsIFJlc3RhdXJhbnRz,11:00 am - 12:00 am
Marc Restaurant,"T 37, Bhopal - 462001, T Ward, Baragradh Colony, Near Sant Hirdharam Kutia",4.5,-264780,6,https://www.justdial.com/Bhopal/Marc-Restaurant-T-Ward-Baragradh-Colony-Near-Sant-Hirdharam-Kutia/0755P7480-7480-110315130737-K6B3_BZDET?xid=QmhvcGFsIFJlc3RhdXJhbnRz,11:00 am - 03:00 pm 07:00 pm - 11:00 pm
Tattenham Corner (jehan Num..,"C/O Jehan Numa Palace Hotel, Plot No 157, Shamla Hills, Bhopal - 462013 (Map)",4.5,-266774,6,https://www.justdial.com/BHOPAL/Tattenham-Corner-(jehan-Numa-Palace-Hotel)-Shamla-Hills/0755PX755-X755-000140858679-Q7A6_BZDET?xid=QmhvcGFsIFJlc3RhdXJhbnRz,none
Sunshine Garden & Restauran..,"Bhavani Marg, Bairagarh, Bhopal - 462030, Sehore Naka,Near Sabji Mandi (Map)",3.9,-425092,6,https://www.justdial.com/BHOPAL/Sunshine-Garden-Restaurant-Sehore-Naka-Near-Sabji-Mandi-Bairagarh/0755PX755-X755-000277215228-D0T6_BZDET?xid=QmhvcGFsIFJlc3RhdXJhbnRz,Open 24 Hrs
Mayuri Food Planet,"Mambhawan 42, Kolar Road, Bhopal - 462042, Amaltas Phase-1, Chuna Bhatti (Map)",3.8,-243156,6,https://www.justdial.com/Bhopal/Mayuri-Food-Planet-Amaltas-Phase-1-Chuna-Bhatti-Kolar-Road/0755PX755-X755-140429160633-Y1B1_BZDET?xid=QmhvcGFsIFJlc3RhdXJhbnRz,10:00 am - 07:30 pm
Hotel Surya Bar & Restauran..,,3.5,-274834,6,https://www.justdial.com/Bhopal/Hotel-Surya-Bar-Restaurant-Near-Railway-Station-Opposite-Mrignayani-Emporium-Hamidia-Road/0755PX755-X755-130611130312-A5J8_BZDET?xid=QmhvcGFsIFJlc3RhdXJhbnRz,12:00 am - 11:00 pm
Uncles Kitchen,"B Block, GTB COMPLEX, New Market, Bhopal - 462003, Near Ondoor (Map)",4.7,-494365,5,https://www.justdial.com/Bhopal/Uncles-Kitchen-Near-Ondoor-New-Market/0755PX755-X755-180122211734-M6C3_BZDET?xid=QmhvcGFsIFJlc3RhdXJhbnRz,10:00 am - 11:30 pm
Kamal Restaurant,"C/O Madan Maharaj Hotel, Madan Maharaj Marg, Chandbad, Bhopal - 462010, Opposite Platform No 1,Railway Station (Map)",4.5,-274408,5,https://www.justdial.com/BHOPAL/Kamal-Restaurant-Opposite-Platform-No-1-Railway-Station-Chandbad/0755P755STD709165_BZDET?xid=QmhvcGFsIFJlc3RhdXJhbnRz,Open 24 Hrs
Rasoi Restaurant,"Hoshangabad Road, Bhopal - 462011, Opposite Vision Krishna School, Danish Nagar, Bus Stop",4.5,-401097,5,https://www.justdial.com/Bhopal/Rasoi-Restaurant-Opposite-Vision-Krishna-School-Danish-Nagar-Bus-Stop-Hoshangabad-Road/0755PX755-X755-150913210106-T4F2_BZDET?xid=QmhvcGFsIFJlc3RhdXJhbnRz,11:00 am - 09:00 pm
Agarwal Puri Bhandar,"Hanumanganj, Bhopal - 462001, Jumerati Bazar (Map)",4.4,-7552532468,5,https://www.justdial.com/bhopal/Agarwal-Puri-Bhandar-Jumerati-Bazar-Hanumanganj/0755PX755-X755-140422113854-V1L5_BZDET?xid=QmhvcGFsIFJlc3RhdXJhbnRz,10:00 am - 10:00 pm
Olive & Honey,"Shaan E Fiza Apartment, Kohe Fiza, Bhopal - 462001, Housing Board Colony (Map)",4.4,-492024,5,https://www.justdial.com/Bhopal/Olive-Honey-Housing-Board-Colony-Kohe-Fiza/0755PX755-X755-170113090323-Z2K3_BZDET?xid=QmhvcGFsIFJlc3RhdXJhbnRz,11:00 am - 11:00 pm
Rahul Annapurna Bhojnalaya,"12, Hamidia Road, Bhopal - 462001, Bus Stand Chouraha, Opposite Allahabad Bank (Map)",4.4,-426474,5,https://www.justdial.com/Bhopal/Rahul-Annapurna-Bhojnalaya-Bus-Stand-Chouraha-Opposite-Allahabad-Bank-Hamidia-Road/0755PX755-X755-110217104241-G1D8_BZDET?xid=QmhvcGFsIFJlc3RhdXJhbnRz,08:00 am - 12:00 am
CLOUD 9,"Alark Arcade Singarcholi, Air Port Road, Lalghati, Bhopal - 462030, Near Data Colony (Map)",4.2,-8109088749,5,https://www.justdial.com/Bhopal/CLOUD-9-Near-Data-Colony-Lalghati/0755PX755-X755-170215162047-G8G5_BZDET?xid=QmhvcGFsIFJlc3RhdXJhbnRz,10:00 am - 11:30 pm
Neelam Sweets,"Shop No 1, Jyoti Shopping Center, M P Nagar, Bhopal - 462011, Zone 1 (Map)",4.1,-9826032540,5,https://www.justdial.com/Bhopal/Neelam-Sweets-Zone-1-M-P-Nagar/0755PX755-X755-171009104020-W1R8_BZDET?xid=QmhvcGFsIFJlc3RhdXJhbnRz,07:30 am - 10:30 pm
Snackoz,"Shop3, Sbi Lane, Gulmohar, Bhopal - 462011 (Map)",4,-9752447682,5,https://www.justdial.com/Bhopal/Snackoz/0755PX755-X755-170113024105-I5U6_BZDET?xid=QmhvcGFsIFJlc3RhdXJhbnRz,none
Hakeem Restaurant,"Shop No B 6, Ayodhya Bypass Road, Ayodhya Nagar, Bhopal - 462041, Opposite Sagar Avenue (Map)",3.9,-422887,5,https://www.justdial.com/Bhopal/Hakeem-Restaurant-Opposite-Sagar-Avenue-Ayodhya-Nagar/0755PX755-X755-150528115904-C4Y3_BZDET?xid=QmhvcGFsIFJlc3RhdXJhbnRz,10:30 am - 11:30 pm
Hong Kong Restaurants,"131/4, M P Nagar, Bhopal - 462011, Near Pragati Petrol Pump, Zone II (Map)",3.9,-247854,5,https://www.justdial.com/Bhopal/Hong-Kong-Restaurants-Near-Pragati-Petrol-Pump-Zone-II-M-P-Nagar/0755PX755-X755-130404114700-D3H2_BZDET?xid=QmhvcGFsIFJlc3RhdXJhbnRz,10:00 am - 11:00 pm
Gaurav Restaurant,"C/O Gaurav Hotel, Plot No 9, Hamidia Road, Bhopal - 462001, Near Sangam Talkies Trungal (Map)",3.9,-271970,5,https://www.justdial.com/Bhopal/Gaurav-Restaurant-Near-Sangam-Talkies-Trungal-Hamidia-Road/0755PX755-X755-111016163218-K8V9_BZDET?xid=QmhvcGFsIFJlc3RhdXJhbnRz,12:00 am - 03:00 pm 07:00 pm - 11:00 pm
Water Ville,"Plot No 4, Sehore Road, Bairagarh, Bhopal - 462030, Behind Akash Garden",3.8,-9644142686,5,https://www.justdial.com/bhopal/Water-Ville-Behind-Akash-Garden-Bairagarh/0755PX755-X755-170307101904-T3I4_BZDET?xid=QmhvcGFsIFJlc3RhdXJhbnRz,02:00 pm - 12:00 am
Dawat E Chef Restaurant,"Plot No 181, Zone -1 Road, M P Nagar, Bhopal - 462011, Near Amar Vilas Hotel (Map)",3.8,-410074,5,https://www.justdial.com/Bhopal/Dawat-E-Chef-Restaurant-Near-Amar-Vilas-Hotel-M-P-Nagar/0755PX755-X755-170826192843-A6K9_BZDET?xid=QmhvcGFsIFJlc3RhdXJhbnRz,10:00 am - 12:00 am
Gangotri Marriage Garden & ..,"12, New Kerva Tiraha Road, Bhadbhada Road, Bhopal - 462003, Near Sakshi Dhaba",3.8,-270361,5,https://www.justdial.com/bhopal/Gangotri-Marriage-Garden-Pure-Veg-Restaurant-Near-Sakshi-Dhaba-Bhadbhada-Road/0755PX755-X755-140530141049-J6B7_BZDET?xid=QmhvcGFsIFJlc3RhdXJhbnRz,Open 24 Hrs
Joginder Punjabi DHABA,"Shop No 1 Amrit Complex, Old Ashoka Garden Near Prabhat Petrol Pump Raisen Road, 80 Feet Road, Ashoka Garden, Bhopal - 462023, Near Abhishek Bharat Gas Agency (Map)",3.8,-423248,5,https://www.justdial.com/Bhopal/Joginder-Punjabi-DHABA-Near-Abhishek-Bharat-Gas-Agency-Ashoka-Garden/0755PX755-X755-140709163243-A7D3_BZDET?xid=QmhvcGFsIFJlc3RhdXJhbnRz,10:30 am - 09:00 pm
Cook King Restaurant,"Plot No 22, M P Nagar, Bhopal - 462011, Zone II (Map)",3.8,-425946,5,https://www.justdial.com/Bhopal/Cook-King-Restaurant-Zone-II-M-P-Nagar/0755PX755-X755-100730171930-Z7L3_BZDET?xid=QmhvcGFsIFJlc3RhdXJhbnRz,07:00 am - 11:00 pm
Sky Lark Restaurant,"215-216, Bhopal, Zone II, M P Nagar, M P Nagar, Bhopal - 462011, Behind Sargam Talkies (Map)",3.8,-256539,5,https://www.justdial.com/Bhopal/Sky-Lark-Restaurant-Behind-Sargam-Talkies-M-P-Nagar/0755PX755-X755-101013153355-H3M5_BZDET?xid=QmhvcGFsIFJlc3RhdXJhbnRz,none
Kareems Restaurant,"Plot No 262, Zone II, M P Nagar, Bhopal - 462011, Opposite Hotel Tulsi Exotic, Near Sargam Talkies (Map)",3.7,-428330,5,https://www.justdial.com/bhopal/Kareems-Restaurant-Opposite-Hotel-Tulsi-Exotic-Near-Sargam-Talkies-M-P-Nagar/0755PX755-X755-140402213428-C1D5_BZDET?xid=QmhvcGFsIFJlc3RhdXJhbnRz,09:00 am - 11:00 pm
Jameel Restaurant,"Shop No 1, Street No 1, Ibrahimpura, Bhopal - 462001, Near Moti Masjid & Chatori Gali (Map)",3.6,-9229668736,5,https://www.justdial.com/Bhopal/Jameel-Restaurant-Near-Moti-Masjid-Chatori-Gali-Ibrahimpura/0755PX755-X755-110321124304-J9U8_BZDET?xid=QmhvcGFsIFJlc3RhdXJhbnRz,09:00 am - 12:00 am
Sharma Bhojnalaya,"Main Road, Nehru Nagar, Bhopal - 462003, Near Brijesh Book Stall, Manisha Hospital (Map)",3.6,-9806880198,5,https://www.justdial.com/Bhopal/Sharma-Bhojnalaya-Near-Brijesh-Book-Stall-Manisha-Hospital-Nehru-Nagar/0755PX755-X755-110409141056-Z3N3_BZDET?xid=QmhvcGFsIFJlc3RhdXJhbnRz,08:30 am - 11:00 pm
Swad Restaurant,"Bharat Bhavan, Shamla Hills, Bhopal - 462013, Near Cm House (Map)",3.5,,5,https://www.justdial.com/Bhopal/Swad-Restaurant-Near-Cm-House-Shamla-Hills/0755PX755-X755-090509020634-E5P3_BZDET?xid=QmhvcGFsIFJlc3RhdXJhbnRz,09:30 am - 06:30 pm
Angithi Restaurant,"Kilol Park, Shamla Hills, Bhopal - 462013, Near Petrol Pump (Map)",3.4,-424431,5,https://www.justdial.com/BHOPAL/Angithi-Restaurant-Near-Petrol-Pump-Shamla-Hills/0755P755STD709147_BZDET?xid=QmhvcGFsIFJlc3RhdXJhbnRz,06:00 pm - 11:30 pm
Lams Era,"G2, Plot No 131, Narula Complex, M P Nagar, Bhopal - 462011, Near Hakeem Hotel Zone 2 (Map)",3.4,-8817736931,5,https://www.justdial.com/Bhopal/Lams-Era-Near-Hakeem-Hotel-Zone-2-M-P-Nagar/0755PX755-X755-141219121715-L1E1_BZDET?xid=QmhvcGFsIFJlc3RhdXJhbnRz,11:00 am - 11:00 pm
Sagar Coffee House & Restau..,"73, Zone 1, Maharana Pratap Nagar, M P Nagar, Bhopal - 462011",3.2,-7554224446,5,https://www.justdial.com/bhopal/Sagar-Coffee-House-Restaurant-M-P-Nagar/0755PX755-X755-140418151035-B3X4_BZDET?xid=QmhvcGFsIFJlc3RhdXJhbnRz,09:30 am - 10:00 pm
Mahadev Veg Bhojnalay,"Shop No 9, Ranthambore Complex, Mp Nagar Road, M P Nagar, Bhopal - 462011, Near Jyoti Complex, (Map)",5,-8989110228,4,https://www.justdial.com/Bhopal/Mahadev-Veg-Bhojnalay-Near-Jyoti-Complex-M-P-Nagar/0755PX755-X755-150821225626-K4C6_BZDET?xid=QmhvcGFsIFJlc3RhdXJhbnRz,11:00 am - 11:00 pm
Moms Authentic Curry ( MAC ..,"Street Stall No 1, Mp Nagar Road, M P Nagar, Bhopal - 462011, Infront Of Vishal Mega Mart (Map)",4.9,-8819988710,4,https://www.justdial.com/Bhopal/Moms-Authentic-Curry-(-MAC-)-Infront-Of-Vishal-Mega-Mart-M-P-Nagar/0755PX755-X755-171220110525-V8Z2_BZDET?xid=QmhvcGFsIFJlc3RhdXJhbnRz,11:00 am - 11:00 pm
Food City,"Ho. No. 07 Sectore 2, Mayur Viahar Colony, Ashoka Garden, Bhopal - 462023, Near SBI ATM,Near Life Care Hospital (Map)",4.9,-9179235742,4,https://www.justdial.com/Bhopal/Food-City-Near-SBI-ATM-Near-Life-Care-Hospital-Ashoka-Garden/0755PX755-X755-170328193911-E3D9_BZDET?xid=QmhvcGFsIFJlc3RhdXJhbnRz,11:00 am - 11:00 pm
Montys Cafe,"Plot No 78, Zone 2, M P Nagar, Bhopal - 462011, Near Raymonds (Map)",4.8,-7974435822,4,https://www.justdial.com/Bhopal/Montys-Cafe-Near-Raymonds-M-P-Nagar/0755PX755-X755-171108122658-B4J9_BZDET?xid=QmhvcGFsIFJlc3RhdXJhbnRz,10:00 am - 10:30 pm
Zero Degree Cafe & Lounge,"Ground Floor, Dinamic Center, M P Nagar, Bhopal - 462011, Zone 1, Near Surendra Vilas (Map)",4.8,-9074116549,4,https://www.justdial.com/Bhopal/Zero-Degree-Cafe-Lounge-Zone-1-Near-Surendra-Vilas-M-P-Nagar/0755PX755-X755-170307155727-B8M9_BZDET?xid=QmhvcGFsIFJlc3RhdXJhbnRz,08:00 am - 10:00 pm
Woodland Restaurant,"52 Zone -2, M.p. Nagar, Near Pragati Petrol Pump, M P Nagar, Bhopal - 462011",4.8,-258169,4,https://www.justdial.com/Bhopal/Woodland-Restaurant-M-P-Nagar/0755PX755-X755-100824124403-W1Y2_BZDET?xid=QmhvcGFsIFJlc3RhdXJhbnRz,11:00 am - 03:00 pm 07:00 pm - 11:00 pm
Masala Mantra,"549, Roshan Pura T T Nagar, Tt Nagar, Bhopal - 462003, Near Bapu Ki Kutiya (Map)",4.6,-427701,4,https://www.justdial.com/Bhopal/Masala-Mantra-Near-Bapu-Ki-Kutiya-Tt-Nagar/0755PX755-X755-140211165804-S9S7_BZDET?xid=QmhvcGFsIFJlc3RhdXJhbnRz,11:00 am - 11:00 pm
Swaad The Taste Of India,"Plot No 190, 1st Floor, M P Nagar, Bhopal - 462011, Zone No 1, Above Naturals Ice Cream (Map)",4.6,-425247,4,https://www.justdial.com/Bhopal/Swaad-The-Taste-Of-India-Zone-No-1-Above-Naturals-Ice-Cream-M-P-Nagar/0755PX755-X755-151012214501-A7J5_BZDET?xid=QmhvcGFsIFJlc3RhdXJhbnRz,none
Pet Puja,"Shop No 8/1, 8/4, Narayan Nagar, Bhopal - 462026, Near Swasth Hospital (Map)",4.5,-9926383818,4,https://www.justdial.com/Bhopal/Pet-Puja-Near-Swasth-Hospital-Narayan-Nagar/0755PX755-X755-171227190511-S2R9_BZDET?xid=QmhvcGFsIFJlc3RhdXJhbnRz,11:00 am - 11:00 pm
Green Way Food Plaza,"Ayodhya Bypass Road, Bhopal - 462001, Narela Chouraha Santoshi Vihar",4.5,,4,https://www.justdial.com/Bhopal/Green-Way-Food-Plaza-Narela-Chouraha-Santoshi-Vihar/0755PX755-X755-090812230647-P9W1_BZDET?xid=QmhvcGFsIFJlc3RhdXJhbnRz,none
Gappu Punjabi Bhojnayle,"2 A Ashoka Garden, Ashoka Garden, Bhopal - 462023, Near Sam Girls Collage Prabhat Petrol Pump (Map)",4.4,-423314,4,https://www.justdial.com/Bhopal/Gappu-Punjabi-Bhojnayle-Near-Sam-Girls-Collage-Prabhat-Petrol-Pump-Ashoka-Garden/0755PX755-X755-140614120408-L2W8_BZDET?xid=QmhvcGFsIFJlc3RhdXJhbnRz,11:30 am - 11:30 pm
Prakash Family Dhaba & Rest..,"Parkash Family Dhaba and Restaurants, NH 12, Manidideep Road, Hoshangabad Road, Bhopal - 462011, Opp.ashima Mall ,Opposite Danish Nagar, Baghmugalia",4.4,-9174719717,4,https://www.justdial.com/bhopal/Prakash-Family-Dhaba-Restaurant-Opp-ashima-Mall-Opposite-Danish-Nagar-Baghmugalia-Hoshangabad-Road/0755PX755-X755-160111110600-U6B4_BZDET?xid=QmhvcGFsIFJlc3RhdXJhbnRz,11:00 am - 11:00 pm
F Cube Cafe & Restaurant,"Mahaveer Avenue, Plot No R 2, Zone 1, M P Nagar, Bhopal - 462011, Near Panasonic Showroom (Map)",4.1,-423886,4,https://www.justdial.com/Bhopal/F-Cube-Cafe-Restaurant-Near-Panasonic-Showroom-M-P-Nagar/0755PX755-X755-160920123251-X6L7_BZDET?xid=QmhvcGFsIFJlc3RhdXJhbnRz,12:00 pm - 11:00 pm
Gupta Ji Pure Veg Reasturan..,"Plot no 90 Zone 2, M p nagar, Bhopal - 462023, Near Raymond showroom (Map)",3.9,-9893735284,4,https://www.justdial.com/Bhopal/Gupta-Ji-Pure-Veg-Reasturant-Near-Raymond-showroom/0755PX755-X755-170405202624-M7D2_BZDET?xid=QmhvcGFsIFJlc3RhdXJhbnRz,12:00 pm - 08:30 pm
Shankar Hotel,"Shop No 102, 115, 116 & 117, Bda Complex, Shivaji Nagar, Bhopal - 462016, 7 No Bus Stop (Map)",3.8,-9893521428,4,https://www.justdial.com/Bhopal/Shankar-Hotel-7-No-Bus-Stop-Shivaji-Nagar/0755PX755-X755-131108021251-C6W2_BZDET?xid=QmhvcGFsIFJlc3RhdXJhbnRz,11:00 am - 11:00 pm
Cafe Elixir,"Plot No 188, Zone 1, M P Nagar, Bhopal - 462011 (Map)",3.8,-7999995080,4,https://www.justdial.com/Bhopal/Cafe-Elixir-M-P-Nagar/0755PX755-X755-170202174943-V8I7_BZDET?xid=QmhvcGFsIFJlc3RhdXJhbnRz,11:00 am - 11:00 pm
Albeik Restaurant,"56 Hb, Aura Mall Main Road, Shahapura, Bhopal - 462016, Near Aura Mall, Akash Ganga Colony, Opposite Makhanlal University (Map)",3.6,-7869112657,4,https://www.justdial.com/Bhopal/Albeik-Restaurant-Near-Aura-Mall-Akash-Ganga-Colony-Opposite-Makhanlal-University-Shahapura/0755PX755-X755-141204000748-B6I6_BZDET?xid=QmhvcGFsIFJlc3RhdXJhbnRz,11:00 am - 11:00 pm
Atithi Restaurant,"G-2/216 G-2/216, Gulmohar Colony, Bhopal - 462001",3.5,-9826090851,4,https://www.justdial.com/bhopal/Atithi-Restaurant/0755PX755-X755-140509232920-Z9H1_BZDET?xid=QmhvcGFsIFJlc3RhdXJhbnRz,10:00 am - 07:30 pm
Dawat Restaurants & Fast Fo..,"181, M P Nagar, Bhopal - 462011, Zone 1 (Map)",3.5,,4,https://www.justdial.com/Bhopal/Dawat-Restaurants-Fast-Food-Zone-1-M-P-Nagar/0755P755STD17187_BZDET?xid=QmhvcGFsIFJlc3RhdXJhbnRz,09:30 am - 06:30 pm
Shiva Bar & Restaurant,"165 Zone II, M P Nagar, Bhopal - 462011, Nr Sargam Talkies",3.5,-256034,4,https://www.justdial.com/BHOPAL/Shiva-Bar-Restaurant-Nr-Sargam-Talkies-M-P-Nagar/0755P755STD703600_BZDET?xid=QmhvcGFsIFJlc3RhdXJhbnRz,none
Hotel Sai Mahima,"Plot No 116, Zone 2, M P Nagar, Bhopal - 462011, Near City Hospital (Map)",3.4,-9755050575,4,https://www.justdial.com/Bhopal/Hotel-Sai-Mahima-Near-City-Hospital-M-P-Nagar/0755PX755-X755-131106222428-N3K8_BZDET?xid=QmhvcGFsIFJlc3RhdXJhbnRz,11:00 am - 11:00 pm
The Gunnery Bar And Restaur..,"2nd Floor C-21 Mall, Hoshangabad Road, Hoshangabad Road, Bhopal - 462011",3.3,-668665,4,https://www.justdial.com/Bhopal/The-Gunnery-Bar-And-Restaurant-Hoshangabad-Road/0755PX755-X755-130925124940-A1N9_BZDET?xid=QmhvcGFsIFJlc3RhdXJhbnRz,12:00 pm - 04:00 pm 05:00 pm - 11:00 pm
Raj Darbar,"Shop No 2, Chunabhatti Chouraha, Kolar Road, Bhopal - 462042, Near Siddhi Bhavan (Map)",5,-9300050614,3,https://www.justdial.com/Bhopal/Raj-Darbar-Near-Siddhi-Bhavan-Kolar-Road/0755PX755-X755-161118160029-I8S7_BZDET?xid=QmhvcGFsIFJlc3RhdXJhbnRz,11:00 am - 10:00 pm
R K Food Zone,"55, Gufa Mandir Road, Lalghati, Bhopal - 462030, Janki Nagar (Map)",5,-9301522141,3,https://www.justdial.com/Bhopal/R-K-Food-Zone-Janki-Nagar-Lalghati/0755PX755-X755-150102133441-D9A7_BZDET?xid=QmhvcGFsIFJlc3RhdXJhbnRz,08:00 am - 11:00 pm
Spicy Ice,"H No 50 Main Kolar Road, Main Kolar Road, Kolar Road, Bhopal - 462042, Near Kolar Thana (Map)",5,-8269216784,3,https://www.justdial.com/Bhopal/Spicy-Ice-Near-Kolar-Thana-Kolar-Road/0755PX755-X755-160616130233-H6I1_BZDET?xid=QmhvcGFsIFJlc3RhdXJhbnRz,12:00 pm - 11:00 pm
The Taste Of Punjab Restora..,"3, Krishna Plaza, Main Road, Bhopal - 462016",5,-404106,3,https://www.justdial.com/Bhopal/The-Taste-Of-Punjab-Restorante/0755PX755-X755-130418215338-N2J3_BZDET?xid=QmhvcGFsIFJlc3RhdXJhbnRz,none
Moksh Restaurant,"Lalghati, Bhopal - 462030, Near Alark Mall, Htc Park Square, Above Dominos Pizza & Axis Bank (Map)",4.8,-9407522537,3,https://www.justdial.com/Bhopal/Moksh-Restaurant-Near-Alark-Mall-Htc-Park-Square-Above-Dominos-Pizza-Axis-Bank-Lalghati/0755PX755-X755-170417122542-G7G3_BZDET?xid=QmhvcGFsIFJlc3RhdXJhbnRz,10:00 am - 12:00 am
Meethi Si Mehak Restaurant,"Shop No -1 to 10 & H -1, Arera Colony, Bhopal - 462016, Near Starling Complex (Map)",4.8,-494108,3,https://www.justdial.com/Bhopal/Meethi-Si-Mehak-Restaurant-Near-Starling-Complex-Arera-Colony/0755PX755-X755-171011131622-U2L3_BZDET?xid=QmhvcGFsIFJlc3RhdXJhbnRz,10:00 am - 11:00 pm
Delicious Delhi Dhaba,"Plot Khasra No. 568, Ratanpur Road, Hoshangabad Road, Bhopal - 462011, Near 11 Mile",4.8,-297675,3,https://www.justdial.com/Bhopal/Delicious-Delhi-Dhaba-Near-11-Mile-Hoshangabad-Road/0755PX755-X755-180117133827-R9T4_BZDET?xid=QmhvcGFsIFJlc3RhdXJhbnRz,08:00 am - 11:30 pm
Sharma Bhojnalaya,"Shop No 87, Main Road, Jawahar Chowk, Bhopal - 462003, Jindal Hospital (Map)",4.8,-9806880207,3,https://www.justdial.com/bhopal/Sharma-Bhojnalaya-Jindal-Hospital-Jawahar-Chowk/0755PX755-X755-141127150144-C1A8_BZDET?xid=QmhvcGFsIFJlc3RhdXJhbnRz,10:30 am - 10:30 pm
Jairams,"B-1 Plot No E-4/31, E-7/48, Railway Housing Society, Arera Colony, Bhopal - 462039, 10 No Bus Stop (Map)",4.8,-493813,3,https://www.justdial.com/Bhopal/Jairams-10-No-Bus-Stop-Arera-Colony/0755PX755-X755-171219200304-U7Z7_BZDET?xid=QmhvcGFsIFJlc3RhdXJhbnRz,11:00 am - 10:00 pm
ROAD Runner FAST FOOD & CAF..,"D-15/16 Ground Floor Mayur Vihar, 80 Feet Road, Ashoka Garden, Bhopal - 462023 (Map)",4.8,-9993967006,3,https://www.justdial.com/Bhopal/ROAD-Runner-FAST-FOOD-CAFE-Ashoka-Garden/0755PX755-X755-180420173910-W8H9_BZDET?xid=QmhvcGFsIFJlc3RhdXJhbnRz,04:00 pm - 12:00 am
Chatkara Fast Food,"E-11, Surendra Landmark, Hoshangabad Road, Misrod, Bhopal - 462026, Near Ashima Mal (Map)",4.7,-493690,3,https://www.justdial.com/Bhopal/Chatkara-Fast-Food-Near-Ashima-Mal-Misrod/0755PX755-X755-170715162221-K1K3_BZDET?xid=QmhvcGFsIFJlc3RhdXJhbnRz,07:30 am - 11:00 pm
Cafe Indigo,"kolar castle, kolar road chunabhatti, Chunabhatti, Bhopal - 462016, in front of kaali mata temple (Map)",4.7,-426153,3,https://www.justdial.com/Bhopal/Cafe-Indigo-in-front-of-kaali-mata-temple-Chunabhatti/0755PX755-X755-160225151531-P2U9_BZDET?xid=QmhvcGFsIFJlc3RhdXJhbnRz,10:00 am - 10:00 pm
Hotel Shiva & Restaurant,"165, Zone-II, Sargam Talkies, M P Nagar, Bhopal - 462011, Service Rd, (Map)",4.7,-256034,3,https://www.justdial.com/bhopal/Hotel-Shiva-Restaurant-Service-Rd-M-P-Nagar/0755PX755-X755-140422104108-S2F7_BZDET?xid=QmhvcGFsIFJlc3RhdXJhbnRz,09:30 am - 10:30 pm
Ramu Kaka Ka Dhaba,"Vitthal Nagar, Lalghati, Bhopal - 462030, Nr Gufa Mandir (Map)",4.7,-8770961500,3,https://www.justdial.com/Bhopal/Ramu-Kaka-Ka-Dhaba-Nr-Gufa-Mandir-Lalghati/0755PX755-X755-170928155719-I3J9_BZDET?xid=QmhvcGFsIFJlc3RhdXJhbnRz,Open 24 Hrs
Nukkad BBQ,"Shop No. 8, Mata Mandir, Tt Nagar, Bhopal - 462003, Opposite Nagar Nigam Office (Map)",4.7,-9669944100,3,https://www.justdial.com/Bhopal/Nukkad-BBQ-Opposite-Nagar-Nigam-Office-Tt-Nagar/0755PX755-X755-170602195026-W3G1_BZDET?xid=QmhvcGFsIFJlc3RhdXJhbnRz,12:00 pm - 11:30 pm
Tabbakh Mughlai Restaurant,"Shop No 12, Royal Market Road, Royal Market, Bhopal - 462001, In Front Of Tajul Masajid (Map)",4.8,-429697,4,https://www.justdial.com/Bhopal/Tabbakh-Mughlai-Restaurant-In-Front-Of-Tajul-Masajid-Royal-Market/0755PX755-X755-170221170132-V9M2_BZDET?xid=QmhvcGFsIFJlc3RhdXJhbnRz,12:00 pm - 11:30 pm
Ustad Chote Nawab,"Shop No 18, Sindhi Colony Road, Bhopal - 462001, Liyaquat Market, Opposite Hayat Hospital (Map)",4.7,-7828227739,3,https://www.justdial.com/Bhopal/Ustad-Chote-Nawab-Liyaquat-Market-Opposite-Hayat-Hospital/0755PX755-X755-120613101317-N5A4_BZDET?xid=QmhvcGFsIFJlc3RhdXJhbnRz,12:30 pm - 11:30 pm
Food Garage,"Shop no 9, PNT Road, Neharu Nagar Square, Bhopal - 462003, Near Petrol Pump (Map)",4.7,-9993777329,3,https://www.justdial.com/Bhopal/Food-Garage-Near-Petrol-Pump-Neharu-Nagar-Square/0755PX755-X755-170307124451-N6J2_BZDET?xid=QmhvcGFsIFJlc3RhdXJhbnRz,08:00 am - 11:00 pm
Food Garage,"M 9, Number 2, Stt Nagar, Shastri Nagar, Link Road, Tt Nagar, Bhopal - 462003 (Map)",4.7,-9993777329,3,https://www.justdial.com/Bhopal/Food-Garage-Tt-Nagar/0755PX755-X755-171013223836-E4W2_BZDET?xid=QmhvcGFsIFJlc3RhdXJhbnRz,none
Heritage Restaurant,"191 Rohit Nagar Phase 2, Rohit Nagar Road, Bawadia Kalan, Bhopal - 462026, Near Akriti Eco City Gate (Map)",4.5,-244775,3,https://www.justdial.com/Bhopal/Heritage-Restaurant-Near-Akriti-Eco-City-Gate-Bawadia-Kalan/0755PX755-X755-161111003501-S4I9_BZDET?xid=QmhvcGFsIFJlc3RhdXJhbnRz,11:00 am - 10:00 pm
Urban Chulha,"C/O Hotel Atishay, Mezzanine Floor, Plot No R 55, M P Nagar, Bhopal - 462011, Zone-1 (Map)",4.5,-256552,3,https://www.justdial.com/Bhopal/Urban-Chulha-Zone-1-M-P-Nagar/0755PX755-X755-161110105052-G5D7_BZDET?xid=QmhvcGFsIFJlc3RhdXJhbnRz,11:30 am - 11:00 pm
Makhani Restaurant,"4-B Ram Complex Govind Garden, Raisen Road, Govindpura, Bhopal - 462023, Near Bijli Colony Gate (Map)",4.5,-494593,3,https://www.justdial.com/Bhopal/Makhani-Restaurant-Near-Bijli-Colony-Gate-Govindpura/0755PX755-X755-171220171423-J1I5_BZDET?xid=QmhvcGFsIFJlc3RhdXJhbnRz,11:00 am - 11:00 pm
Hotel PLAZA INN,"B1, 83 Indra Vihar Colony, Airport Road, Air Port, Bhopal - 462030, Near Gulmohar Garden (Map)",4.3,-491198,3,https://www.justdial.com/bhopal/Hotel-PLAZA-INN-Near-Gulmohar-Garden-Air-Port/0755PX755-X755-160421150323-M6I1_BZDET?xid=QmhvcGFsIFJlc3RhdXJhbnRz,Open 24 Hrs
Amarjyot Restaurant,"Shop No 11 & 12, Bus Stand Road, Bairagarh, Bhopal - 462030, Near Dashera Maidan, Gate No 2 (Map)",4.3,-8989441223,3,https://www.justdial.com/bhopal/Amarjyot-Restaurant-Near-Dashera-Maidan-Gate-No-2-Bairagarh/0755PX755-X755-140516172908-P8G2_BZDET?xid=QmhvcGFsIFJlc3RhdXJhbnRz,12:00 pm - 11:30 pm
Banjara Family Restaurant,"Shop No. 18, Awadhpuri Road, Barkheda, Bhopal - 462022, Kalibadi Road (Map)",4.3,-9039997108,3,https://www.justdial.com/Bhopal/Banjara-Family-Restaurant-Kalibadi-Road-Barkheda/0755PX755-X755-170707173040-I8M9_BZDET?xid=QmhvcGFsIFJlc3RhdXJhbnRz,08:30 am - 11:00 pm
Maa Ki Rasoi,"Shop no- 5, Sahyadri Enclave, Bhadbhada Road, Bhopal - 462003, Opposite Police Wireless Office (Map)",4.3,-423758,3,https://www.justdial.com/Bhopal/Maa-Ki-Rasoi-Opposite-Police-Wireless-Office-Bhadbhada-Road/0755P7480-7480-120318195045-Z6E8_BZDET?xid=QmhvcGFsIFJlc3RhdXJhbnRz,07:00 am - 11:30 pm
Gaja Tutors,"Kolar Road, Bhopal - 462001, Khadim's Shop at Mandakani Colony (Map)",4.3,-430052,3,https://www.justdial.com/Bhopal/Gaja-Tutors-Khadim-s-Shop-at-Mandakani-Colony-Kolar-Road/0755PX755-X755-110214191110-Y9K5_BZDET?xid=QmhvcGFsIFJlc3RhdXJhbnRz,12:00 pm - 01:00 am
Geepees Taste Of India,"L-1, Radhakrishana Shoping Complex, Behind Srgam Cinema, M.p. Nagar, M P Nagar, Bhopal - 462011",4.3,-227893,3,https://www.justdial.com/Bhopal/Geepees-Taste-Of-India-M-P-Nagar/0755PXXXX-XXXX-100824114422-K3R4_BZDET?xid=QmhvcGFsIFJlc3RhdXJhbnRz,07:00 am - 11:00 pm
Chai & More,"284, Radhika heights, opp ondoor, M P Nagar, Bhopal - 462011, Front of indian bank (Map)",4.2,-400714,3,https://www.justdial.com/Bhopal/Chai-More-Front-of-indian-bank-M-P-Nagar/0755PX755-X755-161124134732-S8M7_BZDET?xid=QmhvcGFsIFJlc3RhdXJhbnRz,11:00 am - 10:00 pm
Jharokha Restaurant,"C/O Amer Palace Hotel, 209, M P Nagar, Bhopal - 462011, Zone I (Map)",4.2,-427875,3,https://www.justdial.com/BHOPAL/Jharokha-Restaurant-Zone-I-M-P-Nagar/0755P755STD20120_BZDET?xid=QmhvcGFsIFJlc3RhdXJhbnRz,11:00 am - 03:00 pm 07:00 pm - 11:00 pm
VILAS Restro,"Plot no 42 A, M P Nagar, Bhopal - 462011, Zone 2 (Map)",4.2,-7000459602,3,https://www.justdial.com/Bhopal/VILAS-Restro-Zone-2-M-P-Nagar/0755PX755-X755-160912193225-G5K2_BZDET?xid=QmhvcGFsIFJlc3RhdXJhbnRz,10:00 am - 09:30 pm
Tesu Restaurant,,3.7,-255964,3,https://www.justdial.com/Bhopal/Tesu-Restaurant-Opp-Dussehera-Maidan-New-Market-Tt-Nagar/0755P755STDG000088_BZDET?xid=QmhvcGFsIFJlc3RhdXJhbnRz,11:00 am - 03:00 pm 07:00 pm - 11:00 pm
Silver Inn Hotel & Restaura..,"A 3 Ashoka Garden, Main Road, Raisen Road, Bhopal - 462026, Raisen Roaod,",3.5,-274728,3,https://www.justdial.com/bhopal/Silver-Inn-Hotel-Restaurant-Raisen-Roaod-Raisen-Road/0755PX755-X755-130403131837-G8G5_BZDET?xid=QmhvcGFsIFJlc3RhdXJhbnRz,07:00 am - 11:00 pm
Mezbaan Restaurant,"Lily Talkies Road, Sultania Road, Jahangirabad, Bhopal - 462008, Neelam Park, Near Rose Beauty Parlour (Map)",3.5,-9300002296,3,https://www.justdial.com/Bhopal/Mezbaan-Restaurant-Neelam-Park-Near-Rose-Beauty-Parlour-Jahangirabad/0755PX755-X755-110409165151-Y3J5_BZDET?xid=QmhvcGFsIFJlc3RhdXJhbnRz,11:00 am - 12:00 am
Astha Restaurant,"Hamidia Road, Bhopal - 462001, Bharat Talkies (Map)",3.5,-9770925086,3,https://www.justdial.com/Bhopal/Astha-Restaurant-Bharat-Talkies-Hamidia-Road/0755PX755-X755-110315161531-K3H3_BZDET?xid=QmhvcGFsIFJlc3RhdXJhbnRz,06:00 am - 10:00 pm
Noor E Madina Restaurant,"3, Hamidia Road, Bhopal - 462001",3.5,,3,https://www.justdial.com/Bhopal/Noor-E-Madina-Restaurant-Hamidia-Road/0755PX755-X755-140530134920-I6X6_BZDET?xid=QmhvcGFsIFJlc3RhdXJhbnRz,11:00 am - 09:00 pm
Dodo Restaurant,"Commercial Area, Plot 47/48, Gulmohar Colony, Bhopal - 462039",3.3,,3,https://www.justdial.com/Bhopal/Dodo-Restaurant-Gulmohar-Colony/0755PX755-X755-160129152435-I0B2_BZDET?xid=QmhvcGFsIFJlc3RhdXJhbnRz,10:00 am - 10:00 pm
Sher E Punjab,"A-1, Gtb Complex, New Market, Bhopal - 462003 (Map)",3.3,,3,https://www.justdial.com/Bhopal/Sher-E-Punjab-New-Market/0755PX755-X755-130330175116-A8E6_BZDET?xid=QmhvcGFsIFJlc3RhdXJhbnRz,11:00 am - 11:00 pm
